product_code,product_name,quantity,sales_date,return_date,sales_region,sale_type
93,Spoke,8227,2/19/2013,,4,Online
81,Seat rails,7894,2/16/2013,,1,Television
31,Derailleur hanger,5551,1/20/2013,,3,New Customer
13,Braze-on,2613,2/23/2013,,1,Retailer
91,Skirt guard or coatguard,6629,1/28/2013,,5,Club
10,Bottom bracket,4856,1/24/2013,,5,New Customer
12,Brake lever,7486,2/16/2013,,1,New Customer
46,Gusset,6565,2/13/2013,,2,Television
81,Seat rails,9328,,1/23/2013,2,Discounted
33,Down tube,8294,1/3/2013,,3,Retailer
3,Bar ends,5486,1/13/2013,,4,Television
75,Reflector,1734,2/2/2013,,1,New Customer
76,Removable training wheels,9830,1/28/2013,,2,Discounted
33,Down tube,30,1/17/2013,,3,Club
19,Chainring,9257,1/10/2013,,2,Repeat
42,Fork end,7537,1/22/2013,,4,Television
11,Brake,7873,,1/4/2013,4,Repeat
25,Cone,3585,1/8/2013,,5,Club
25,Cone,9634,2/7/2013,,5,Repeat
29,Cup,2346,2/8/2013,,4,Club
27,Coupler,8220,2/16/2013,,3,Online
30,Cyclocomputer,3846,1/26/2013,,3,Vendor
19,Chainring,7057,2/17/2013,,2,Club
1,1,9613,1/18/2013,,1,Online
33,Down tube,629,,1/18/2013,1,Club
23,Cluster,6369,2/10/2013,,1,New Customer
12,Brake lever,7249,2/1/2013,,1,Vendor
79,1) the disc component of a disc brake.[1]2) another name for a detangler - a device that allows the handlebars and fork to revolve indefinitely without tangling the rear brake cable.Safety levers,2313,2/15/2013,,4,Vendor
35,Dustcap,5186,1/8/2013,,4,Discounted
43,Frame,3926,1/28/2013,,3,Repeat
48,Handlebar,7730,2/15/2013,,4,Discounted
11,Brake,4030,2/19/2013,,1,New Customer
49,Handlebar plug,731,,1/28/2013,1,Club
34,Dropout,3015,1/25/2013,,1,Online
29,Cup,9688,1/8/2013,,4,Club
71,Peg,8494,1/27/2013,,2,New Customer
95,Stem,905,1/10/2013,,3,Repeat
4,Basket,8171,1/29/2013,,1,Retailer
56,Hub dynamo,2630,2/10/2013,,2,Repeat
12,Brake lever,4210,2/22/2013,,3,Discounted
29,Cup,348,,1/11/2013,4,Television
11,Brake,3759,1/27/2013,,3,New Customer
13,Braze-on,6820,1/11/2013,,3,Vendor
24,Cogset,804,1/17/2013,,1,Repeat
39,Fender or mudguard,6507,2/3/2013,,4,New Customer
23,Cluster,6197,1/11/2013,,5,Online
53,Headset,9551,1/4/2013,,4,Online
10,Bottom bracket,2208,1/4/2013,,2,Club
66,Luggage carrier,967,,1/2/2013,1,New Customer
11,Brake,2099,1/15/2013,,3,Discounted
11,Brake,4424,2/17/2013,,2,Retailer
24,Cogset,5447,1/22/2013,,4,Vendor
14,Cable guide,2646,2/20/2013,,2,Television
84,Seat bag,3682,1/6/2013,,4,Television
85,Seatpost,3180,1/10/2013,,5,Repeat
84,Seat bag,8632,1/19/2013,,5,Repeat
11,Brake,6993,,1/16/2013,5,New Customer
46,Gusset,1767,1/24/2013,,2,Online
16,Cassette,3221,2/15/2013,,5,Discounted
48,Handlebar,9335,2/16/2013,,3,Discounted
50,Handlebar tape,6762,1/30/2013,,4,Retailer
68,Nipple,6258,1/16/2013,,4,Online
22,Chaintug,4676,2/10/2013,,1,Vendor
97,Toe clips,2293,2/26/2013,,1,Repeat
41,Fork,4123,,2/25/2013,5,Club
74,Rack,601,2/28/2013,,1,Club
70,Pedal,9549,2/13/2013,,5,Vendor
12,Brake lever,5625,1/24/2013,,3,Vendor
75,Reflector,6436,1/11/2013,,3,Discounted
58,Indicator,1222,1/2/2013,,3,New Customer
92,Spindle,1530,2/4/2013,,1,Retailer
56,Hub dynamo,5084,1/23/2013,,2,Online
95,Stem,2488,,1/4/2013,4,Discounted
3,Bar ends,3502,2/4/2013,,5,Retailer
43,Frame,8602,2/17/2013,,5,Online
49,Handlebar plug,3702,1/11/2013,,4,Vendor
81,Seat rails,2576,1/2/2013,,3,Television
46,Gusset,1054,2/25/2013,,2,New Customer
26,Cotter,6556,2/27/2013,,5,Club
86,Seatstay,9727,1/23/2013,,2,Discounted
34,Dropout,4834,,2/2/2013,4,Discounted
76,Removable training wheels,5161,1/2/2013,,2,Retailer
35,Dustcap,513,2/1/2013,,2,Club
24,Cogset,5304,1/4/2013,,5,Online
33,Down tube,5942,2/5/2013,,3,Discounted
52,Head tube,6217,1/11/2013,,2,Discounted
2,Axle,595,2/16/2013,,2,Repeat
30,Cyclocomputer,2099,2/5/2013,,4,Vendor
23,Cluster,2129,,1/31/2013,3,New Customer
99,Valve stem or simply valve,6559,2/9/2013,,4,Discounted
18,Chainguard,4232,2/2/2013,,4,Repeat
28,Crankset or chainset,9084,2/23/2013,,5,Vendor
73,Quick release,7010,2/4/2013,,2,Discounted
22,Chaintug,6987,1/10/2013,,3,Repeat
93,Spoke,1882,1/24/2013,,1,Online
97,Toe clips,1310,2/2/2013,,3,Vendor
36,Dynamo,6878,,1/30/2013,1,Discounted
10,Bottom bracket,8678,2/26/2013,,5,Vendor
17,Chain,9785,1/17/2013,,1,New Customer
93,Spoke,7357,1/26/2013,,3,Retailer
18,Chainguard,9662,2/3/2013,,4,Club
89,Shock absorber,6022,1/29/2013,,4,Vendor
11,Brake,5121,1/27/2013,,3,Repeat
91,Skirt guard or coatguard,5237,1/1/2013,,5,Club
17,Chain,8873,,1/20/2013,1,Television
57,Hub gear,6385,1/9/2013,,2,Club
12,Brake lever,1486,1/23/2013,,3,New Customer
13,Braze-on,7578,2/5/2013,,5,Online
7,Belt-drive,136,1/22/2013,,3,New Customer
53,Headset,4794,2/10/2013,,3,Club
49,Handlebar plug,2209,1/12/2013,,1,Discounted
27,Coupler,8535,1/15/2013,,1,Retailer
13,Braze-on,6855,,2/10/2013,5,Repeat
85,Seatpost,4183,2/20/2013,,5,Online
59,Inner tube,4582,1/10/2013,,4,Online
49,Handlebar plug,8969,1/23/2013,,5,Retailer
5,Bearing,4276,2/23/2013,,4,Club
15,Cable,8371,1/9/2013,,3,Online
45,Freewheel,2492,2/21/2013,,3,Television
52,Head tube,2762,2/3/2013,,2,Repeat
57,Hub gear,7339,,1/3/2013,4,Discounted
96,Tire,2551,2/14/2013,,5,Retailer
78,Rotor,7860,2/7/2013,,3,Online
11,Brake,3158,1/12/2013,,4,Repeat
53,Headset,2139,2/4/2013,,4,Online
32,Derailleur,839,1/29/2013,,4,New Customer
40,Ferrule,9255,1/5/2013,,2,Discounted
31,Derailleur hanger,8457,2/23/2013,,2,Discounted
57,Hub gear,6080,,2/15/2013,4,Vendor
6,Bell,1726,1/9/2013,,3,New Customer
29,Cup,4309,2/16/2013,,3,New Customer
77,Rim,3661,2/11/2013,,2,New Customer
84,Seat bag,6331,2/4/2013,,3,Online
41,Fork,8311,2/6/2013,,4,Club
23,Cluster,2061,2/7/2013,,4,Online
20,Chainstay,9830,1/2/2013,,4,Online
54,Hood,7299,,2/9/2013,2,Club
29,Cup,1314,2/18/2013,,2,Club
86,Seatstay,7916,2/8/2013,,5,Club
33,Down tube,1959,1/9/2013,,5,Vendor
9,Bottle cage,3571,2/27/2013,,4,Discounted
14,Cable guide,5933,3/1/2013,,3,Online
70,Pedal,9856,2/2/2013,,5,Discounted
96,Tire,2744,1/20/2013,,4,Club
2,Axle,9323,,1/13/2013,3,Television
79,1) the disc component of a disc brake.[1]2) another name for a detangler - a device that allows the handlebars and fork to revolve indefinitely without tangling the rear brake cable.Safety levers,5036,2/1/2013,,4,Repeat
19,Chainring,2603,2/12/2013,,4,Discounted
89,Shock absorber,8077,3/1/2013,,4,Television
46,Gusset,3840,2/15/2013,,2,Retailer
12,Brake lever,6138,2/21/2013,,1,Repeat
1,1,7854,2/1/2013,,5,Repeat
98,Top tube,1948,2/11/2013,,3,Repeat
87,Shaft-drive,9464,,1/15/2013,3,Club
66,Luggage carrier,7491,1/13/2013,,4,Retailer
85,Seatpost,3582,1/23/2013,,1,Repeat
54,Hood,3969,2/28/2013,,4,Retailer
12,Brake lever,9612,2/14/2013,,5,Club
79,1) the disc component of a disc brake.[1]2) another name for a detangler - a device that allows the handlebars and fork to revolve indefinitely without tangling the rear brake cable.Safety levers,9799,2/2/2013,,2,Vendor
95,Stem,8863,1/26/2013,,4,Online
91,Skirt guard or coatguard,5620,1/25/2013,,2,Club
23,Cluster,1614,,1/27/2013,4,Television
81,Seat rails,6572,1/5/2013,,5,Club
87,Shaft-drive,4344,2/22/2013,,1,Discounted
83,Seat tube,7210,2/18/2013,,1,Discounted
94,Steering tube,6861,2/16/2013,,4,Repeat
41,Fork,3738,2/14/2013,,2,New Customer
15,Cable,8889,1/15/2013,,4,Television
8,Bicycle brake cable,5130,2/24/2013,,1,Repeat
40,Ferrule,1432,,1/12/2013,1,Online
79,1) the disc component of a disc brake.[1]2) another name for a detangler - a device that allows the handlebars and fork to revolve indefinitely without tangling the rear brake cable.Safety levers,8227,2/20/2013,,3,Discounted
44,Freehub,3977,2/12/2013,,3,Discounted
15,Cable,9512,2/24/2013,,5,New Customer
35,Dustcap,6475,1/2/2013,,2,Club
48,Handlebar,4689,2/14/2013,,1,Retailer
57,Hub gear,8522,2/7/2013,,2,Retailer
8,Bicycle brake cable,8660,1/13/2013,,1,Television
60,Jockey wheel,4182,,2/21/2013,4,Repeat
80,Saddle or Seat,4700,2/17/2013,,5,Club
67,Master link,3322,2/20/2013,,3,Retailer
65,Lug,4641,2/24/2013,,3,Online
12,Brake lever,349,2/1/2013,,4,Discounted
10,Bottom bracket,8648,1/19/2013,,2,Club
5,Bearing,4065,2/8/2013,,5,New Customer
83,Seat tube,3152,1/24/2013,,3,Discounted
52,Head tube,4363,,2/16/2013,1,Vendor
26,Cotter,4349,1/3/2013,,3,New Customer
47,Hanger,1937,1/18/2013,,3,Discounted
16,Cassette,8150,1/2/2013,,1,Online
16,Cassette,1608,1/15/2013,,2,Repeat
61,Kickstand,1393,2/26/2013,,5,Online
75,Reflector,717,2/18/2013,,2,New Customer
45,Freewheel,404,1/23/2013,,5,Repeat
45,Freewheel,428,,3/1/2013,4,Retailer
82,Seat lug,7240,1/21/2013,,4,Repeat
38,Fairing,3610,2/2/2013,,2,Online
6,Bell,1976,3/1/2013,,3,Television
58,Indicator,3613,1/5/2013,,3,Repeat
48,Handlebar,3600,1/5/2013,,2,Discounted
68,Nipple,7290,2/14/2013,,5,Repeat
64,Lockring,395,1/19/2013,,5,Discounted
40,Ferrule,885,,2/10/2013,1,Vendor
96,Tire,4590,2/20/2013,,5,Vendor
8,Bicycle brake cable,8886,1/23/2013,,2,Retailer
49,Handlebar plug,1416,1/20/2013,,3,Repeat
82,Seat lug,7109,1/16/2013,,3,Online
5,Bearing,2862,1/19/2013,,4,Online
58,Indicator,5215,1/9/2013,,1,Discounted
46,Gusset,9360,2/2/2013,,3,Discounted
45,Freewheel,2306,,3/1/2013,2,New Customer
89,Shock absorber,8387,1/27/2013,,2,Discounted
81,Seat rails,9891,1/6/2013,,4,New Customer
67,Master link,7061,1/10/2013,,5,Vendor
97,Toe clips,3799,1/14/2013,,5,Retailer
27,Coupler,9041,1/27/2013,,4,Vendor
33,Down tube,6197,1/15/2013,,3,Discounted
95,Stem,8596,2/4/2013,,3,New Customer
82,Seat lug,1148,,2/26/2013,1,Television
89,Shock absorber,201,1/18/2013,,2,Club
8,Bicycle brake cable,4659,1/27/2013,,4,Online
69,Pannier,9923,1/7/2013,,3,Retailer
63,Locknut,6208,1/30/2013,,1,Retailer
12,Brake lever,3912,2/8/2013,,5,New Customer
55,Hub,6609,1/22/2013,,5,Repeat
3,Bar ends,9476,1/26/2013,,2,Retailer
6,Bell,2819,,1/25/2013,5,Repeat
45,Freewheel,2150,1/10/2013,,3,Television
23,Cluster,2309,2/21/2013,,3,Retailer
8,Bicycle brake cable,2251,1/31/2013,,1,Discounted
77,Rim,5791,1/10/2013,,1,Discounted
80,Saddle or Seat,2744,1/23/2013,,4,Television
25,Cone,5432,1/4/2013,,5,New Customer
36,Dynamo,8778,2/3/2013,,3,Discounted
38,Fairing,5172,,1/7/2013,3,Television
57,Hub gear,6969,2/11/2013,,2,Online
46,Gusset,3965,1/18/2013,,2,Retailer
29,Cup,7937,1/14/2013,,1,New Customer
19,Chainring,3949,2/19/2013,,5,New Customer
71,Peg,2986,1/30/2013,,3,Retailer
8,Bicycle brake cable,5902,1/30/2013,,5,Online
51,Head badge,6874,1/20/2013,,2,Vendor
70,Pedal,1342,,2/12/2013,4,Retailer
39,Fender or mudguard,6016,2/26/2013,,1,Club
53,Headset,1599,2/24/2013,,2,Television
80,Saddle or Seat,5396,1/25/2013,,3,New Customer
16,Cassette,1364,2/11/2013,,2,Repeat
10,Bottom bracket,4806,2/12/2013,,1,Discounted
28,Crankset or chainset,7026,1/5/2013,,1,Online
19,Chainring,7063,2/1/2013,,2,Club
80,Saddle or Seat,8905,,1/26/2013,3,Vendor
95,Stem,7050,2/14/2013,,2,Online
42,Fork end,6088,1/10/2013,,4,Discounted
63,Locknut,9909,2/13/2013,,1,Repeat
21,Chain tensioner,4251,1/12/2013,,2,Repeat
72,Portage strap,7900,1/31/2013,,2,Repeat
79,1) the disc component of a disc brake.[1]2) another name for a detangler - a device that allows the handlebars and fork to revolve indefinitely without tangling the rear brake cable.Safety levers,8926,1/9/2013,,1,Discounted
44,Freehub,1043,1/23/2013,,3,Repeat
94,Steering tube,763,,2/23/2013,1,Discounted
5,Bearing,123,2/14/2013,,2,Repeat
43,Frame,2327,2/2/2013,,1,Discounted
82,Seat lug,9090,1/11/2013,,3,Discounted
55,Hub,7505,2/9/2013,,2,Vendor
96,Tire,4496,1/14/2013,,4,Discounted
23,Cluster,9738,2/11/2013,,4,Repeat
78,Rotor,5728,2/18/2013,,2,Vendor
92,Spindle,5322,,1/21/2013,1,Vendor
10,Bottom bracket,5317,2/16/2013,,3,Club
85,Seatpost,3995,1/30/2013,,2,Club
73,Quick release,1432,1/1/2013,,2,New Customer
60,Jockey wheel,538,1/4/2013,,1,Club
13,Braze-on,8387,1/31/2013,,5,New Customer
46,Gusset,3883,2/23/2013,,4,Vendor
38,Fairing,9593,2/14/2013,,4,New Customer
84,Seat bag,1691,,2/2/2013,1,Television
38,Fairing,6811,1/26/2013,,2,Vendor
4,Basket,6755,1/24/2013,,3,Repeat
81,Seat rails,253,2/21/2013,,2,Retailer
94,Steering tube,6796,1/17/2013,,4,Vendor
86,Seatstay,1874,2/24/2013,,4,Vendor
4,Basket,4956,1/19/2013,,2,New Customer
27,Coupler,4446,1/31/2013,,1,Online
39,Fender or mudguard,7701,,1/15/2013,5,Vendor
62,Lawyer lips,3160,2/7/2013,,2,Vendor
27,Coupler,7164,2/14/2013,,4,New Customer
77,Rim,1174,1/20/2013,,4,Discounted
24,Cogset,1621,1/3/2013,,4,New Customer
27,Coupler,7139,2/6/2013,,1,Repeat
57,Hub gear,7177,1/13/2013,,3,Vendor
90,Side view mirror,6411,2/23/2013,,4,Online
45,Freewheel,4909,,1/14/2013,5,Vendor
34,Dropout,5929,2/11/2013,,2,Online
56,Hub dynamo,3595,1/15/2013,,3,Television
50,Handlebar tape,8436,2/24/2013,,2,Repeat
42,Fork end,7512,2/1/2013,,1,Vendor
94,Steering tube,9871,2/16/2013,,5,Online
5,Bearing,8276,1/28/2013,,1,Television
70,Pedal,309,2/16/2013,,5,Club
46,Gusset,2151,,2/24/2013,1,Club
52,Head tube,7269,2/25/2013,,1,New Customer
19,Chainring,1102,1/11/2013,,2,Club
81,Seat rails,7209,2/24/2013,,5,Repeat
84,Seat bag,2740,1/16/2013,,4,Television
87,Shaft-drive,9781,1/27/2013,,4,Repeat
33,Down tube,2200,1/6/2013,,1,Club
20,Chainstay,4890,2/23/2013,,3,Club
25,Cone,6363,,2/25/2013,2,Discounted
16,Cassette,1158,1/19/2013,,5,Television
84,Seat bag,9986,2/7/2013,,1,Retailer
61,Kickstand,450,2/13/2013,,3,Retailer
88,Shifter,4617,1/26/2013,,2,Discounted
85,Seatpost,4252,2/18/2013,,5,Online
98,Top tube,7926,2/12/2013,,2,Club
22,Chaintug,3077,1/29/2013,,2,Retailer
80,Saddle or Seat,747,,1/22/2013,2,Repeat
10,Bottom bracket,7357,2/8/2013,,1,Vendor
93,Spoke,9285,1/24/2013,,4,Club
44,Freehub,371,1/18/2013,,5,Retailer
34,Dropout,1204,1/30/2013,,2,Retailer
70,Pedal,6900,2/1/2013,,1,Repeat
70,Pedal,6455,1/14/2013,,3,Retailer
57,Hub gear,8952,1/27/2013,,2,Club
73,Quick release,6286,,2/9/2013,3,Television
63,Locknut,8653,1/31/2013,,5,Vendor
99,Valve stem or simply valve,2199,1/16/2013,,5,Television
71,Peg,7534,2/27/2013,,2,Club
71,Peg,8307,1/27/2013,,3,New Customer
49,Handlebar plug,7117,2/9/2013,,2,Vendor
90,Side view mirror,3781,1/31/2013,,2,New Customer
23,Cluster,3609,2/17/2013,,3,Television
64,Lockring,3791,,2/20/2013,1,Club
10,Bottom bracket,1471,2/27/2013,,4,Repeat
97,Toe clips,8462,1/29/2013,,1,Online
8,Bicycle brake cable,529,1/22/2013,,4,Television
41,Fork,9437,1/6/2013,,3,Online
85,Seatpost,2805,1/10/2013,,3,Retailer
85,Seatpost,1516,1/22/2013,,2,Television
74,Rack,397,2/10/2013,,1,New Customer
78,Rotor,2997,,1/22/2013,3,Club
70,Pedal,1006,1/4/2013,,4,Discounted
57,Hub gear,6466,1/15/2013,,3,Online
77,Rim,9776,2/14/2013,,3,Vendor
58,Indicator,1725,2/21/2013,,3,Discounted
77,Rim,7013,1/20/2013,,1,Television
21,Chain tensioner,9598,1/5/2013,,4,Television
31,Derailleur hanger,9799,2/5/2013,,1,Online
37,Eyelet,9718,,2/21/2013,2,Online
34,Dropout,4620,1/5/2013,,1,Online
77,Rim,7733,1/13/2013,,5,Club
75,Reflector,6567,1/6/2013,,2,Discounted
15,Cable,5179,1/3/2013,,1,Television
62,Lawyer lips,8420,2/15/2013,,4,Television
46,Gusset,96,1/28/2013,,3,Television
77,Rim,6567,3/1/2013,,3,Retailer
30,Cyclocomputer,2981,,2/2/2013,4,Discounted
12,Brake lever,6095,1/2/2013,,4,Television
57,Hub gear,3864,2/14/2013,,1,Vendor
98,Top tube,338,1/16/2013,,1,Vendor
23,Cluster,5871,1/25/2013,,4,Vendor
18,Chainguard,7793,1/29/2013,,1,Discounted
72,Portage strap,2351,2/14/2013,,1,Retailer
97,Toe clips,3884,3/1/2013,,2,Vendor
27,Coupler,278,,2/5/2013,1,New Customer
12,Brake lever,5379,2/3/2013,,2,Online
76,Removable training wheels,4218,2/22/2013,,5,Vendor
3,Bar ends,2894,1/18/2013,,1,Discounted
67,Master link,5876,2/13/2013,,4,Online
39,Fender or mudguard,3780,1/25/2013,,2,Discounted
19,Chainring,2884,1/13/2013,,1,Online
71,Peg,7425,1/24/2013,,5,Retailer
66,Luggage carrier,4686,,1/25/2013,1,New Customer
96,Tire,7940,2/6/2013,,2,Retailer
25,Cone,8624,1/28/2013,,2,Discounted
41,Fork,2606,2/17/2013,,4,Online
46,Gusset,8272,1/16/2013,,5,Repeat
15,Cable,5799,1/6/2013,,1,Online
56,Hub dynamo,1401,2/11/2013,,2,Online
57,Hub gear,8240,1/25/2013,,4,Online
44,Freehub,5134,,1/16/2013,1,Vendor
54,Hood,1010,2/19/2013,,3,Discounted
31,Derailleur hanger,4342,2/25/2013,,3,Club
16,Cassette,3835,1/9/2013,,1,Repeat
84,Seat bag,2304,2/27/2013,,2,Retailer
84,Seat bag,3371,2/7/2013,,3,Television
60,Jockey wheel,8455,2/5/2013,,4,Vendor
14,Cable guide,274,2/12/2013,,5,Discounted
10,Bottom bracket,1760,,1/19/2013,2,Online
65,Lug,46,1/13/2013,,1,Online
32,Derailleur,4524,1/23/2013,,3,Repeat
23,Cluster,3328,1/7/2013,,4,Discounted
61,Kickstand,9814,2/27/2013,,3,Repeat
72,Portage strap,8372,2/1/2013,,1,New Customer
79,1) the disc component of a disc brake.[1]2) another name for a detangler - a device that allows the handlebars and fork to revolve indefinitely without tangling the rear brake cable.Safety levers,6049,1/28/2013,,5,Vendor
31,Derailleur hanger,7593,1/30/2013,,3,New Customer
69,Pannier,7933,,1/24/2013,1,New Customer
96,Tire,5736,1/26/2013,,5,Retailer
16,Cassette,9774,2/13/2013,,5,Television
13,Braze-on,5315,2/22/2013,,3,Repeat
67,Master link,3677,1/7/2013,,3,Repeat
5,Bearing,1294,2/3/2013,,1,Retailer
41,Fork,6789,2/27/2013,,4,Online
6,Bell,3050,1/28/2013,,3,Repeat
35,Dustcap,7946,,1/5/2013,3,New Customer
48,Handlebar,7324,2/6/2013,,1,Discounted
32,Derailleur,9297,2/13/2013,,3,Discounted
85,Seatpost,8781,2/18/2013,,5,New Customer
92,Spindle,8639,2/18/2013,,5,Television
31,Derailleur hanger,5643,1/14/2013,,1,Discounted
60,Jockey wheel,8026,1/5/2013,,5,Discounted
66,Luggage carrier,781,1/26/2013,,4,Vendor
16,Cassette,2516,,2/28/2013,3,Discounted
2,Axle,6597,1/28/2013,,2,Retailer
44,Freehub,605,1/10/2013,,5,Repeat
55,Hub,5154,1/8/2013,,3,Retailer
14,Cable guide,5358,2/21/2013,,4,Television
41,Fork,8516,2/5/2013,,2,New Customer
7,Belt-drive,5517,2/9/2013,,4,Online
97,Toe clips,1035,1/9/2013,,2,New Customer
68,Nipple,1911,,1/29/2013,3,Club
39,Fender or mudguard,486,1/11/2013,,3,New Customer
68,Nipple,9189,1/20/2013,,2,Club
9,Bottle cage,1563,2/2/2013,,1,New Customer
90,Side view mirror,6169,2/6/2013,,1,Repeat
72,Portage strap,4958,2/21/2013,,1,Club
9,Bottle cage,3560,2/24/2013,,2,Discounted
14,Cable guide,8986,2/25/2013,,5,Repeat
60,Jockey wheel,2167,,2/19/2013,4,New Customer
87,Shaft-drive,6400,1/17/2013,,3,Club
45,Freewheel,6592,3/1/2013,,5,Vendor
38,Fairing,9654,1/24/2013,,4,Online
76,Removable training wheels,5306,2/22/2013,,3,Vendor
86,Seatstay,6821,1/14/2013,,5,Retailer
63,Locknut,1070,1/5/2013,,2,Retailer
95,Stem,4396,1/7/2013,,1,Retailer
45,Freewheel,1093,,2/16/2013,2,Discounted
44,Freehub,5939,2/4/2013,,3,Retailer
17,Chain,1704,1/2/2013,,2,Vendor
78,Rotor,4553,2/24/2013,,3,Discounted
61,Kickstand,2633,1/7/2013,,2,New Customer
36,Dynamo,5527,1/25/2013,,2,Vendor
51,Head badge,5475,2/9/2013,,4,Television
37,Eyelet,8932,1/16/2013,,5,Television
72,Portage strap,6483,,2/13/2013,5,Repeat
73,Quick release,3740,1/16/2013,,4,Discounted
67,Master link,2122,2/20/2013,,2,Retailer
99,Valve stem or simply valve,5064,1/29/2013,,3,Television
90,Side view mirror,3058,1/4/2013,,3,Television
12,Brake lever,2902,2/27/2013,,2,Repeat
18,Chainguard,6558,2/23/2013,,2,Club
52,Head tube,1912,2/9/2013,,2,Repeat
15,Cable,4866,,2/15/2013,3,Online
46,Gusset,4488,1/29/2013,,3,Retailer
16,Cassette,5024,1/14/2013,,2,Retailer
90,Side view mirror,3420,2/25/2013,,5,Vendor
76,Removable training wheels,9879,2/4/2013,,3,Online
18,Chainguard,722,2/10/2013,,1,New Customer
77,Rim,9449,2/5/2013,,2,Vendor
90,Side view mirror,1467,1/12/2013,,1,Club
98,Top tube,3398,,2/6/2013,3,Retailer
22,Chaintug,6107,2/25/2013,,4,Vendor
63,Locknut,4869,2/28/2013,,5,Television
28,Crankset or chainset,4305,1/5/2013,,5,Television
48,Handlebar,42,2/16/2013,,1,Vendor
46,Gusset,4335,2/19/2013,,4,Repeat
29,Cup,1553,2/21/2013,,3,New Customer
37,Eyelet,9508,2/4/2013,,3,New Customer
76,Removable training wheels,5986,,1/2/2013,4,Repeat
45,Freewheel,7338,1/18/2013,,5,Club
90,Side view mirror,398,2/25/2013,,1,Vendor
35,Dustcap,5861,1/23/2013,,5,Retailer
25,Cone,6732,2/20/2013,,2,Television
24,Cogset,9655,2/9/2013,,2,Online
59,Inner tube,4726,1/6/2013,,2,Television
57,Hub gear,3749,2/18/2013,,3,Vendor
80,Saddle or Seat,4279,,2/23/2013,5,Television
85,Seatpost,2841,2/10/2013,,1,Television
99,Valve stem or simply valve,9978,1/2/2013,,5,Club
41,Fork,1727,1/5/2013,,2,Retailer
28,Crankset or chainset,5892,3/1/2013,,5,Online
86,Seatstay,3698,1/17/2013,,4,Retailer
81,Seat rails,8102,2/8/2013,,4,Discounted
54,Hood,9353,2/20/2013,,1,Vendor
13,Braze-on,1581,,2/15/2013,1,Television
51,Head badge,4309,2/14/2013,,1,Discounted
2,Axle,9237,1/18/2013,,2,Online
29,Cup,2063,2/10/2013,,3,Online
96,Tire,6258,2/14/2013,,1,Online
68,Nipple,835,1/1/2013,,3,Television
81,Seat rails,1553,1/29/2013,,1,New Customer
19,Chainring,59,1/24/2013,,1,Discounted
45,Freewheel,3046,,2/17/2013,4,Vendor
73,Quick release,3507,1/12/2013,,5,Repeat
35,Dustcap,7127,1/11/2013,,1,Vendor
31,Derailleur hanger,3026,1/21/2013,,3,Retailer
14,Cable guide,8749,2/19/2013,,1,Club
69,Pannier,1990,1/10/2013,,1,Repeat
14,Cable guide,7128,2/22/2013,,1,Online
64,Lockring,6157,2/18/2013,,2,Vendor
83,Seat tube,5550,,2/8/2013,3,Vendor
17,Chain,8342,1/11/2013,,1,New Customer
91,Skirt guard or coatguard,8011,1/20/2013,,4,Repeat
96,Tire,9722,1/4/2013,,5,Discounted
15,Cable,3483,1/23/2013,,3,Retailer
65,Lug,7103,2/1/2013,,4,Retailer
91,Skirt guard or coatguard,3686,1/30/2013,,3,Retailer
20,Chainstay,2223,1/9/2013,,3,Online
47,Hanger,665,,1/20/2013,5,Vendor
86,Seatstay,2944,1/5/2013,,4,Retailer
53,Headset,1558,2/8/2013,,4,Discounted
87,Shaft-drive,8043,2/12/2013,,4,Vendor
17,Chain,684,1/16/2013,,1,Television
5,Bearing,5773,2/26/2013,,2,Vendor
32,Derailleur,5792,2/13/2013,,2,Television
48,Handlebar,3342,2/27/2013,,1,Online
59,Inner tube,4024,,1/29/2013,5,Television
28,Crankset or chainset,2355,1/13/2013,,4,Repeat
57,Hub gear,7016,1/14/2013,,1,Repeat
57,Hub gear,9500,2/19/2013,,1,Discounted
79,1) the disc component of a disc brake.[1]2) another name for a detangler - a device that allows the handlebars and fork to revolve indefinitely without tangling the rear brake cable.Safety levers,5443,2/13/2013,,3,Discounted
8,Bicycle brake cable,9424,2/2/2013,,5,New Customer
38,Fairing,9475,2/27/2013,,2,Retailer
29,Cup,1516,2/21/2013,,4,Television
61,Kickstand,8946,,2/1/2013,1,Discounted
71,Peg,5994,1/2/2013,,3,Television
52,Head tube,9883,1/2/2013,,1,Repeat
25,Cone,6337,2/27/2013,,3,Club
24,Cogset,6686,2/26/2013,,4,Club
99,Valve stem or simply valve,8245,1/26/2013,,1,Television
72,Portage strap,9276,1/13/2013,,1,Retailer
60,Jockey wheel,9818,2/17/2013,,3,Online
86,Seatstay,9020,,2/23/2013,5,Discounted
12,Brake lever,7407,1/1/2013,,2,Club
16,Cassette,9360,1/15/2013,,2,Vendor
66,Luggage carrier,4879,2/19/2013,,2,Discounted
4,Basket,5601,1/2/2013,,5,Television
49,Handlebar plug,3360,1/21/2013,,3,Repeat
68,Nipple,8834,1/10/2013,,4,Repeat
9,Bottle cage,856,2/8/2013,,2,Online
22,Chaintug,8822,,2/11/2013,5,Vendor
46,Gusset,5497,2/16/2013,,3,Discounted
94,Steering tube,5063,1/27/2013,,5,Vendor
33,Down tube,3960,2/17/2013,,2,Television
29,Cup,9336,2/18/2013,,5,Online
21,Chain tensioner,4822,2/1/2013,,2,Club
24,Cogset,1066,2/2/2013,,4,Television
81,Seat rails,846,1/10/2013,,3,Retailer
76,Removable training wheels,1358,,3/1/2013,4,Club
64,Lockring,3953,2/20/2013,,5,Club
77,Rim,1906,2/3/2013,,4,Vendor
90,Side view mirror,2945,2/27/2013,,5,Retailer
39,Fender or mudguard,7037,2/16/2013,,1,New Customer
82,Seat lug,756,1/5/2013,,5,Club
94,Steering tube,6378,1/19/2013,,3,Vendor
49,Handlebar plug,4618,1/3/2013,,5,New Customer
25,Cone,1809,,2/10/2013,4,Online
47,Hanger,4439,3/1/2013,,1,Retailer
26,Cotter,737,1/3/2013,,4,New Customer
74,Rack,1045,1/16/2013,,5,Vendor
40,Ferrule,8200,2/2/2013,,3,Vendor
28,Crankset or chainset,6938,1/4/2013,,4,Club
72,Portage strap,3324,2/26/2013,,3,Online
94,Steering tube,926,1/7/2013,,5,Retailer
7,Belt-drive,5388,,2/3/2013,1,Television
56,Hub dynamo,879,1/31/2013,,4,Online
5,Bearing,5574,1/9/2013,,5,Vendor
74,Rack,486,2/2/2013,,2,Television
34,Dropout,5729,2/19/2013,,4,New Customer
73,Quick release,1723,2/2/2013,,5,Repeat
19,Chainring,4449,3/1/2013,,3,Discounted
89,Shock absorber,9599,1/23/2013,,3,Online
25,Cone,376,,2/28/2013,1,Vendor
87,Shaft-drive,8399,2/15/2013,,2,Television
61,Kickstand,7438,2/22/2013,,4,Online
27,Coupler,5124,1/11/2013,,1,Television
3,Bar ends,3228,2/14/2013,,4,New Customer
11,Brake,5770,1/27/2013,,4,Online
3,Bar ends,6437,1/15/2013,,4,Television
38,Fairing,6601,2/26/2013,,3,Club
41,Fork,5843,,2/18/2013,1,Retailer
52,Head tube,3176,2/9/2013,,4,Online
74,Rack,4564,1/9/2013,,4,Repeat
7,Belt-drive,1725,2/9/2013,,5,Club
61,Kickstand,4408,2/6/2013,,5,Repeat
8,Bicycle brake cable,465,2/2/2013,,5,Online
29,Cup,6931,2/26/2013,,2,Retailer
21,Chain tensioner,5242,2/19/2013,,1,Retailer
71,Peg,6930,,2/15/2013,3,Online
37,Eyelet,9121,1/8/2013,,4,Club
52,Head tube,5004,1/9/2013,,3,Online
8,Bicycle brake cable,9657,1/31/2013,,1,Repeat
60,Jockey wheel,4686,2/5/2013,,4,New Customer
60,Jockey wheel,8009,1/18/2013,,1,Retailer
67,Master link,7452,1/11/2013,,3,Television
28,Crankset or chainset,3173,2/4/2013,,4,Discounted
67,Master link,2108,,1/15/2013,2,Repeat
58,Indicator,5148,2/17/2013,,4,Vendor
60,Jockey wheel,3041,2/19/2013,,1,Online
37,Eyelet,4325,2/23/2013,,4,Television
82,Seat lug,5731,1/28/2013,,5,Retailer
46,Gusset,5929,2/11/2013,,4,Repeat
59,Inner tube,4023,1/30/2013,,4,Television
70,Pedal,6030,2/26/2013,,2,Discounted
31,Derailleur hanger,339,,2/21/2013,2,New Customer
50,Handlebar tape,4390,1/18/2013,,5,Vendor
3,Bar ends,742,1/24/2013,,1,Club
14,Cable guide,2896,2/13/2013,,3,New Customer
30,Cyclocomputer,6814,2/22/2013,,5,Vendor
63,Locknut,1942,1/11/2013,,2,Club
92,Spindle,9797,1/8/2013,,5,Repeat
47,Hanger,2941,1/29/2013,,3,Repeat
91,Skirt guard or coatguard,8389,,2/7/2013,4,New Customer
86,Seatstay,2510,1/29/2013,,1,Retailer
88,Shifter,5037,2/3/2013,,5,Online
31,Derailleur hanger,623,1/26/2013,,5,Online
28,Crankset or chainset,7983,2/26/2013,,3,Online
39,Fender or mudguard,1078,2/12/2013,,2,Vendor
82,Seat lug,6873,1/17/2013,,1,Retailer
33,Down tube,6357,2/17/2013,,4,Retailer
54,Hood,9186,,2/10/2013,1,New Customer
71,Peg,6213,1/26/2013,,1,Retailer
81,Seat rails,7322,2/24/2013,,1,Retailer
47,Hanger,7598,2/3/2013,,5,Vendor
11,Brake,1955,1/2/2013,,4,Repeat
80,Saddle or Seat,437,1/17/2013,,1,Vendor
20,Chainstay,7305,2/15/2013,,2,Retailer
28,Crankset or chainset,6218,2/27/2013,,2,Discounted
78,Rotor,2559,,1/27/2013,1,Television
92,Spindle,9433,2/19/2013,,3,Club
10,Bottom bracket,1255,1/22/2013,,3,New Customer
3,Bar ends,2103,1/4/2013,,5,Vendor
2,Axle,2849,1/30/2013,,4,Online
93,Spoke,3480,2/9/2013,,5,Online
51,Head badge,6858,2/24/2013,,2,Retailer
7,Belt-drive,1277,1/25/2013,,3,Retailer
9,Bottle cage,2679,,1/1/2013,4,Vendor
37,Eyelet,2141,1/24/2013,,4,Television
77,Rim,2769,1/19/2013,,5,Repeat
24,Cogset,7942,1/20/2013,,4,Vendor
8,Bicycle brake cable,9237,1/3/2013,,2,Retailer
16,Cassette,7368,1/22/2013,,5,Vendor
35,Dustcap,3905,1/9/2013,,1,Discounted
9,Bottle cage,9084,1/3/2013,,4,Television
9,Bottle cage,8746,,2/5/2013,1,Discounted
74,Rack,6111,1/25/2013,,5,New Customer
92,Spindle,7906,2/4/2013,,2,Online
30,Cyclocomputer,6180,1/20/2013,,2,Television
85,Seatpost,4699,2/25/2013,,2,Online
77,Rim,6024,2/26/2013,,2,Discounted
38,Fairing,2823,1/19/2013,,4,Club
72,Portage strap,6627,2/12/2013,,3,Television
67,Master link,2588,,2/4/2013,1,New Customer
48,Handlebar,1286,1/4/2013,,3,Retailer
80,Saddle or Seat,8910,2/4/2013,,5,Discounted
62,Lawyer lips,6831,1/21/2013,,2,Retailer
33,Down tube,5364,1/11/2013,,5,New Customer
40,Ferrule,3130,2/19/2013,,2,Club
89,Shock absorber,3784,2/18/2013,,2,New Customer
35,Dustcap,2202,1/16/2013,,1,Repeat
3,Bar ends,2335,,1/30/2013,1,Club
76,Removable training wheels,5238,2/25/2013,,3,Retailer
38,Fairing,9454,2/28/2013,,1,Club
63,Locknut,8312,2/21/2013,,3,New Customer
48,Handlebar,9971,2/11/2013,,2,Retailer
14,Cable guide,692,1/2/2013,,2,Discounted
85,Seatpost,3081,2/4/2013,,5,Vendor
91,Skirt guard or coatguard,1314,2/8/2013,,1,Online
62,Lawyer lips,1895,,2/9/2013,4,New Customer
17,Chain,9916,1/29/2013,,3,Television
4,Basket,3101,2/28/2013,,3,Discounted
15,Cable,6153,2/9/2013,,3,Discounted
13,Braze-on,5986,1/11/2013,,1,Retailer
31,Derailleur hanger,7788,2/23/2013,,3,New Customer
60,Jockey wheel,1595,1/12/2013,,5,Club
88,Shifter,3762,2/21/2013,,3,New Customer
88,Shifter,2924,,1/3/2013,3,Television
82,Seat lug,7615,1/28/2013,,1,Retailer
37,Eyelet,2538,1/7/2013,,3,Television
85,Seatpost,58,1/4/2013,,1,Retailer
52,Head tube,5988,1/16/2013,,5,Retailer
67,Master link,5005,2/27/2013,,5,Online
8,Bicycle brake cable,8828,1/26/2013,,4,Club
96,Tire,3424,1/30/2013,,3,Club
41,Fork,9784,,2/15/2013,5,New Customer
17,Chain,5149,1/28/2013,,2,Retailer
60,Jockey wheel,8168,2/5/2013,,1,New Customer
88,Shifter,6519,2/18/2013,,3,Online
24,Cogset,5154,2/10/2013,,5,Repeat
52,Head tube,9980,1/30/2013,,1,Club
65,Lug,106,1/3/2013,,5,Repeat
75,Reflector,7206,2/9/2013,,5,Television
82,Seat lug,9293,,1/17/2013,2,Club
34,Dropout,3565,1/2/2013,,5,Vendor
52,Head tube,8638,1/2/2013,,2,Television
10,Bottom bracket,3647,2/12/2013,,2,Club
8,Bicycle brake cable,6317,1/5/2013,,4,Club
80,Saddle or Seat,3847,2/6/2013,,3,Repeat
73,Quick release,281,2/5/2013,,1,Club
57,Hub gear,5068,3/1/2013,,3,Repeat
66,Luggage carrier,4247,,2/17/2013,1,Online
2,Axle,346,1/4/2013,,1,Discounted
36,Dynamo,9224,3/1/2013,,1,Vendor
3,Bar ends,6413,2/2/2013,,3,Repeat
44,Freehub,9231,2/25/2013,,4,New Customer
47,Hanger,4143,1/17/2013,,5,Discounted
30,Cyclocomputer,3172,2/27/2013,,2,Discounted
74,Rack,2520,2/19/2013,,1,New Customer
55,Hub,5460,,1/1/2013,3,New Customer
41,Fork,9229,1/31/2013,,3,Discounted
27,Coupler,97,1/10/2013,,2,Repeat
90,Side view mirror,6507,2/18/2013,,3,Online
94,Steering tube,6494,1/22/2013,,5,Retailer
87,Shaft-drive,6359,1/9/2013,,3,Club
70,Pedal,8506,2/16/2013,,5,Discounted
86,Seatstay,4844,1/20/2013,,3,Repeat
61,Kickstand,7116,,1/19/2013,5,Repeat
97,Toe clips,1599,1/8/2013,,4,Online
14,Cable guide,2266,1/9/2013,,2,Television
36,Dynamo,1129,1/11/2013,,4,Retailer
57,Hub gear,6234,1/5/2013,,5,Vendor
48,Handlebar,2319,1/21/2013,,4,Vendor
75,Reflector,4534,2/4/2013,,5,Club
12,Brake lever,7766,2/27/2013,,3,Discounted
13,Braze-on,4633,,1/10/2013,4,Club
44,Freehub,1657,1/8/2013,,2,Repeat
12,Brake lever,3822,2/19/2013,,2,Vendor
32,Derailleur,9376,2/17/2013,,3,New Customer
82,Seat lug,809,1/30/2013,,1,Vendor
87,Shaft-drive,2025,1/21/2013,,1,New Customer
30,Cyclocomputer,2754,1/5/2013,,3,Vendor
1,1,2068,1/16/2013,,2,Retailer
62,Lawyer lips,9093,,1/26/2013,1,Vendor
53,Headset,6565,1/15/2013,,2,Television
71,Peg,6158,1/22/2013,,3,Vendor
75,Reflector,613,2/11/2013,,2,Vendor
9,Bottle cage,9863,1/29/2013,,4,Club
56,Hub dynamo,3626,1/31/2013,,1,Discounted
49,Handlebar plug,536,1/26/2013,,2,Repeat
83,Seat tube,7839,1/17/2013,,5,Vendor
22,Chaintug,6800,,2/23/2013,3,Discounted
56,Hub dynamo,3418,2/18/2013,,1,Television
14,Cable guide,8446,2/24/2013,,5,Club
57,Hub gear,4797,2/5/2013,,5,Repeat
33,Down tube,757,1/1/2013,,1,Retailer
61,Kickstand,6862,1/16/2013,,1,Retailer
48,Handlebar,4331,1/23/2013,,1,New Customer
10,Bottom bracket,5346,1/15/2013,,3,Repeat
57,Hub gear,4824,,2/20/2013,5,New Customer
34,Dropout,6688,1/7/2013,,3,Vendor
82,Seat lug,1109,1/10/2013,,2,Discounted
74,Rack,6444,2/26/2013,,3,Repeat
16,Cassette,537,1/4/2013,,4,Online
15,Cable,4804,2/2/2013,,5,Club
15,Cable,6763,1/25/2013,,4,Repeat
6,Bell,4590,2/7/2013,,1,Vendor
96,Tire,9856,,1/18/2013,1,Online
72,Portage strap,489,2/5/2013,,2,Discounted
6,Bell,4868,1/28/2013,,5,Retailer
23,Cluster,6209,2/16/2013,,4,Online
31,Derailleur hanger,7418,2/6/2013,,3,Discounted
31,Derailleur hanger,3751,2/22/2013,,4,Repeat
27,Coupler,7220,2/13/2013,,5,New Customer
85,Seatpost,4315,1/27/2013,,4,Club
5,Bearing,1230,,2/27/2013,4,Repeat
30,Cyclocomputer,4464,1/27/2013,,1,Online
55,Hub,2928,1/28/2013,,3,Vendor
68,Nipple,1981,2/5/2013,,3,Club
10,Bottom bracket,5057,2/14/2013,,4,Vendor
23,Cluster,2092,1/2/2013,,4,Online
74,Rack,9243,1/31/2013,,2,Online
53,Headset,6656,2/19/2013,,5,Online
74,Rack,6693,,2/2/2013,5,Television
56,Hub dynamo,440,2/13/2013,,2,Discounted
70,Pedal,7048,1/9/2013,,5,Repeat
87,Shaft-drive,953,2/27/2013,,5,Discounted
26,Cotter,30,2/26/2013,,5,Television
84,Seat bag,1973,1/30/2013,,3,Vendor
92,Spindle,7732,2/22/2013,,5,Online
63,Locknut,9639,2/3/2013,,3,Club
26,Cotter,1558,,1/22/2013,1,Club
78,Rotor,2768,1/3/2013,,1,New Customer
72,Portage strap,6703,2/5/2013,,3,Repeat
86,Seatstay,7609,1/6/2013,,3,Discounted
50,Handlebar tape,5624,2/18/2013,,3,Club
35,Dustcap,3611,1/7/2013,,5,Club
6,Bell,1673,2/19/2013,,3,Vendor
31,Derailleur hanger,3659,2/19/2013,,1,Vendor
7,Belt-drive,4918,,2/8/2013,2,Club
9,Bottle cage,4395,1/18/2013,,1,Online
7,Belt-drive,2651,1/13/2013,,1,Repeat
65,Lug,3315,1/26/2013,,2,Television
22,Chaintug,4557,2/18/2013,,3,Retailer
71,Peg,7133,2/15/2013,,5,Vendor
72,Portage strap,6175,1/5/2013,,5,Retailer
94,Steering tube,688,2/24/2013,,1,New Customer
48,Handlebar,7618,,2/7/2013,5,Repeat
21,Chain tensioner,7595,2/20/2013,,2,Club
80,Saddle or Seat,5721,1/17/2013,,1,New Customer
10,Bottom bracket,8461,2/11/2013,,1,Discounted
41,Fork,3718,1/31/2013,,2,Retailer
57,Hub gear,9472,1/7/2013,,5,New Customer
81,Seat rails,4123,1/22/2013,,3,Repeat
2,Axle,9771,2/1/2013,,2,Repeat
63,Locknut,7002,,1/3/2013,2,Online
40,Ferrule,6006,2/4/2013,,3,Vendor
78,Rotor,4176,2/25/2013,,2,Club
72,Portage strap,9305,1/30/2013,,5,New Customer
99,Valve stem or simply valve,1185,2/3/2013,,4,Club
5,Bearing,5809,1/6/2013,,5,New Customer
20,Chainstay,9729,3/1/2013,,2,Retailer
85,Seatpost,4214,2/12/2013,,2,Retailer
61,Kickstand,3124,,2/16/2013,3,Retailer
75,Reflector,7397,2/15/2013,,2,Television
64,Lockring,4248,1/12/2013,,3,Television
5,Bearing,5226,2/6/2013,,4,Online
5,Bearing,6328,2/3/2013,,5,Club
48,Handlebar,1385,1/30/2013,,3,New Customer
52,Head tube,2488,1/14/2013,,3,Television
33,Down tube,8656,1/3/2013,,2,Discounted
2,Axle,6524,,2/20/2013,4,Retailer
23,Cluster,644,1/23/2013,,2,Television
97,Toe clips,8944,2/27/2013,,1,Retailer
43,Frame,4637,2/16/2013,,2,Discounted
98,Top tube,197,2/9/2013,,4,Retailer
24,Cogset,2362,1/21/2013,,1,Television
84,Seat bag,5996,2/8/2013,,2,Club
50,Handlebar tape,1164,2/22/2013,,2,Retailer
58,Indicator,2381,,1/14/2013,4,Television
36,Dynamo,3488,1/24/2013,,5,Club
85,Seatpost,5662,1/21/2013,,1,Television
65,Lug,5801,1/5/2013,,3,Repeat
67,Master link,9621,2/26/2013,,4,Discounted
86,Seatstay,8878,2/25/2013,,3,Online
1,1,7517,1/21/2013,,4,Repeat
85,Seatpost,8761,1/9/2013,,3,Retailer
58,Indicator,4757,,1/8/2013,2,Club
32,Derailleur,538,2/27/2013,,3,Club
59,Inner tube,4708,2/27/2013,,4,Club
74,Rack,6621,2/6/2013,,5,Repeat
71,Peg,7780,2/23/2013,,2,Vendor
85,Seatpost,1517,2/24/2013,,4,Online
61,Kickstand,7813,1/16/2013,,5,Retailer
2,Axle,6342,2/21/2013,,4,New Customer
8,Bicycle brake cable,7189,,2/3/2013,4,Retailer
96,Tire,7885,2/27/2013,,5,Discounted
98,Top tube,6924,1/22/2013,,4,New Customer
23,Cluster,7707,2/1/2013,,2,Online
44,Freehub,9695,1/19/2013,,5,Vendor
86,Seatstay,2404,2/24/2013,,3,Retailer
18,Chainguard,2139,2/5/2013,,5,Club
81,Seat rails,7665,2/6/2013,,4,Club
55,Hub,8722,,1/7/2013,5,New Customer
78,Rotor,7250,2/2/2013,,1,Discounted
66,Luggage carrier,98,2/4/2013,,5,Vendor
46,Gusset,2888,1/17/2013,,1,Club
35,Dustcap,6237,1/28/2013,,3,New Customer
15,Cable,2842,2/1/2013,,2,Vendor
18,Chainguard,7794,1/28/2013,,1,Vendor
35,Dustcap,90,1/5/2013,,3,Repeat
8,Bicycle brake cable,3594,,2/25/2013,2,Vendor
43,Frame,3167,2/23/2013,,5,Television
70,Pedal,8034,1/3/2013,,1,New Customer
11,Brake,8253,2/6/2013,,5,Vendor
49,Handlebar plug,6511,2/11/2013,,2,Television
61,Kickstand,3863,2/27/2013,,1,Discounted
37,Eyelet,5455,2/5/2013,,5,Online
13,Braze-on,7170,1/1/2013,,3,Retailer
39,Fender or mudguard,7913,,1/18/2013,1,Club
29,Cup,5546,1/1/2013,,1,Retailer
26,Cotter,1745,2/10/2013,,4,Online
49,Handlebar plug,3714,2/6/2013,,5,Club
38,Fairing,5059,2/22/2013,,2,Online
9,Bottle cage,6150,1/8/2013,,2,Television
6,Bell,8746,2/11/2013,,2,Club
99,Valve stem or simply valve,3148,1/3/2013,,2,New Customer
38,Fairing,9225,,1/24/2013,1,Online
59,Inner tube,5927,2/17/2013,,4,Club
57,Hub gear,4341,2/24/2013,,3,Discounted
50,Handlebar tape,5440,2/13/2013,,4,Vendor
56,Hub dynamo,564,1/23/2013,,5,Club
69,Pannier,4533,2/3/2013,,1,Television
43,Frame,456,2/18/2013,,1,New Customer
16,Cassette,9440,2/27/2013,,5,Club
71,Peg,4914,,2/14/2013,1,New Customer
22,Chaintug,4555,2/16/2013,,3,Retailer
48,Handlebar,7188,2/5/2013,,1,Repeat
40,Ferrule,1180,2/18/2013,,1,Retailer
70,Pedal,5328,2/1/2013,,1,Retailer
24,Cogset,2856,1/20/2013,,5,Online
78,Rotor,5956,2/26/2013,,4,Discounted
21,Chain tensioner,2632,2/25/2013,,4,New Customer
59,Inner tube,211,,1/11/2013,2,Television
85,Seatpost,4571,1/15/2013,,3,Repeat
69,Pannier,8960,1/9/2013,,3,Online
5,Bearing,2785,1/6/2013,,4,New Customer
86,Seatstay,2553,1/25/2013,,4,Vendor
51,Head badge,5928,2/2/2013,,4,Discounted
72,Portage strap,1119,1/2/2013,,2,Discounted
62,Lawyer lips,9301,1/4/2013,,5,Retailer
47,Hanger,3494,,2/22/2013,4,Online
85,Seatpost,6931,2/24/2013,,1,Club
3,Bar ends,701,1/10/2013,,2,Vendor
3,Bar ends,6849,1/13/2013,,5,Retailer
86,Seatstay,8343,1/13/2013,,5,Retailer
91,Skirt guard or coatguard,7275,2/11/2013,,2,Vendor
79,1) the disc component of a disc brake.[1]2) another name for a detangler - a device that allows the handlebars and fork to revolve indefinitely without tangling the rear brake cable.Safety levers,9674,2/25/2013,,2,Club
2,Axle,2550,2/11/2013,,4,Vendor
63,Locknut,2093,,2/3/2013,3,Repeat
28,Crankset or chainset,7013,1/3/2013,,5,Vendor
36,Dynamo,6305,1/22/2013,,2,Vendor
90,Side view mirror,6428,2/2/2013,,4,Online
13,Braze-on,2379,1/17/2013,,4,Television
90,Side view mirror,4014,2/11/2013,,2,Online
42,Fork end,2637,2/10/2013,,4,New Customer
11,Brake,5338,1/22/2013,,4,Club
38,Fairing,6512,,1/1/2013,4,Television
1,1,7232,1/13/2013,,5,Club
10,Bottom bracket,8851,1/31/2013,,3,Vendor
73,Quick release,7503,2/4/2013,,1,Discounted
26,Cotter,8268,1/10/2013,,3,Online
43,Frame,3140,2/6/2013,,2,Online
78,Rotor,3610,2/25/2013,,5,Online
26,Cotter,7734,1/6/2013,,3,Vendor
45,Freewheel,7941,,1/28/2013,5,Television
12,Brake lever,858,2/1/2013,,3,Online
22,Chaintug,9098,2/11/2013,,3,Vendor
40,Ferrule,3508,2/27/2013,,4,Television
30,Cyclocomputer,322,1/1/2013,,3,Club
68,Nipple,6450,1/14/2013,,3,Television
45,Freewheel,7069,2/26/2013,,3,Online
71,Peg,1436,2/19/2013,,1,Television
83,Seat tube,132,,1/5/2013,3,Club
16,Cassette,4721,1/11/2013,,5,Vendor
49,Handlebar plug,3349,1/27/2013,,3,Club
63,Locknut,2336,2/21/2013,,1,Club
73,Quick release,953,1/19/2013,,1,Retailer
2,Axle,5519,1/4/2013,,3,Retailer
72,Portage strap,3731,3/1/2013,,2,Club
9,Bottle cage,9662,1/10/2013,,3,Vendor
50,Handlebar tape,7752,,2/2/2013,2,Repeat
72,Portage strap,8036,1/24/2013,,2,Repeat
14,Cable guide,2100,1/31/2013,,1,Repeat
59,Inner tube,5078,3/1/2013,,4,Repeat
16,Cassette,2281,1/26/2013,,4,Retailer
19,Chainring,9505,2/24/2013,,5,Retailer
83,Seat tube,4371,1/11/2013,,3,Television
79,1) the disc component of a disc brake.[1]2) another name for a detangler - a device that allows the handlebars and fork to revolve indefinitely without tangling the rear brake cable.Safety levers,3524,1/12/2013,,4,Vendor
17,Chain,2242,,2/8/2013,2,Club
82,Seat lug,3390,1/17/2013,,5,Club
72,Portage strap,2220,2/17/2013,,1,Online
43,Frame,4471,2/4/2013,,2,Discounted
96,Tire,1938,2/22/2013,,5,Vendor
15,Cable,5038,1/6/2013,,4,Television
80,Saddle or Seat,3905,1/13/2013,,4,Vendor
9,Bottle cage,6616,2/17/2013,,3,Online
99,Valve stem or simply valve,273,,1/14/2013,1,Repeat
3,Bar ends,1623,1/20/2013,,4,Club
7,Belt-drive,2025,2/27/2013,,4,Retailer
93,Spoke,4857,2/7/2013,,1,Club
46,Gusset,3703,2/2/2013,,4,Television
42,Fork end,9431,2/6/2013,,2,Online
39,Fender or mudguard,7179,2/20/2013,,5,Club
82,Seat lug,1488,1/3/2013,,2,Club
25,Cone,8928,,2/23/2013,1,Repeat
47,Hanger,2856,2/24/2013,,4,Television
33,Down tube,1314,1/1/2013,,4,Repeat
46,Gusset,4134,1/25/2013,,1,Online
31,Derailleur hanger,9456,1/6/2013,,3,Discounted
17,Chain,717,1/9/2013,,4,Retailer
1,1,7123,1/3/2013,,2,Television
61,Kickstand,9838,1/19/2013,,4,Online
26,Cotter,5827,,2/23/2013,5,Repeat
20,Chainstay,4195,2/14/2013,,2,Vendor
60,Jockey wheel,9069,2/1/2013,,3,Retailer
49,Handlebar plug,119,2/15/2013,,3,Retailer
26,Cotter,69,1/11/2013,,2,Television
82,Seat lug,9417,2/2/2013,,2,Repeat
58,Indicator,5575,1/7/2013,,5,Online
87,Shaft-drive,4524,1/5/2013,,1,Television
51,Head badge,5974,,1/31/2013,5,Online
96,Tire,3139,1/15/2013,,4,Retailer
29,Cup,3295,2/27/2013,,3,Repeat
44,Freehub,8897,1/14/2013,,1,New Customer
22,Chaintug,1262,3/1/2013,,1,Discounted
64,Lockring,7520,2/3/2013,,3,Club
14,Cable guide,6729,2/25/2013,,4,New Customer
15,Cable,6736,2/24/2013,,3,New Customer
52,Head tube,5896,,1/28/2013,3,Discounted
2,Axle,8121,1/11/2013,,4,Repeat
62,Lawyer lips,2791,1/25/2013,,5,Vendor
56,Hub dynamo,2196,1/8/2013,,5,Television
35,Dustcap,6078,2/26/2013,,3,Television
53,Headset,5754,2/5/2013,,5,New Customer
92,Spindle,5556,2/21/2013,,2,Discounted
74,Rack,8103,1/29/2013,,4,Television
46,Gusset,3577,,2/9/2013,4,Online
60,Jockey wheel,401,1/12/2013,,5,Vendor
26,Cotter,1681,2/28/2013,,4,Repeat
51,Head badge,1868,2/2/2013,,3,Vendor
34,Dropout,6862,2/18/2013,,5,Club
7,Belt-drive,2515,1/26/2013,,1,Retailer
44,Freehub,7443,2/1/2013,,2,Online
66,Luggage carrier,8061,1/22/2013,,4,Television
52,Head tube,3389,,1/15/2013,4,Discounted
22,Chaintug,4351,2/12/2013,,4,Discounted
81,Seat rails,8409,1/19/2013,,3,Discounted
20,Chainstay,8402,2/28/2013,,2,Television
8,Bicycle brake cable,5673,2/7/2013,,2,Discounted
87,Shaft-drive,1318,2/19/2013,,2,Online
50,Handlebar tape,9498,2/11/2013,,3,Discounted
83,Seat tube,4453,2/6/2013,,2,Retailer
11,Brake,9296,,2/16/2013,2,Vendor
96,Tire,5276,2/11/2013,,4,Repeat
16,Cassette,9918,2/4/2013,,5,Discounted
60,Jockey wheel,1368,1/25/2013,,3,Online
81,Seat rails,7262,2/11/2013,,3,Television
76,Removable training wheels,9156,1/2/2013,,5,Club
37,Eyelet,7424,1/14/2013,,4,Vendor
58,Indicator,6584,2/8/2013,,5,Repeat
41,Fork,285,,1/17/2013,5,Discounted
31,Derailleur hanger,7196,2/9/2013,,3,Retailer
89,Shock absorber,3155,2/13/2013,,1,Club
31,Derailleur hanger,897,1/14/2013,,4,Club
62,Lawyer lips,7478,1/23/2013,,3,Retailer
5,Bearing,8728,1/10/2013,,4,Club
26,Cotter,7525,2/22/2013,,5,Vendor
1,1,6489,1/26/2013,,4,Retailer
84,Seat bag,1657,,1/29/2013,4,New Customer
32,Derailleur,4833,1/21/2013,,4,Club
49,Handlebar plug,3637,2/27/2013,,5,Television
65,Lug,7396,2/2/2013,,4,Club
83,Seat tube,5502,1/20/2013,,3,New Customer
2,Axle,3320,1/22/2013,,2,Online
39,Fender or mudguard,107,1/3/2013,,1,Online
33,Down tube,2757,2/24/2013,,4,Retailer
83,Seat tube,2677,,2/13/2013,5,Discounted
96,Tire,6996,1/16/2013,,4,New Customer
93,Spoke,283,1/13/2013,,1,Repeat
30,Cyclocomputer,8484,2/26/2013,,1,Vendor
13,Braze-on,2529,2/10/2013,,4,Discounted
47,Hanger,5625,1/12/2013,,5,Discounted
18,Chainguard,8296,1/21/2013,,3,Retailer
26,Cotter,4475,1/15/2013,,2,Television
6,Bell,3089,,2/1/2014,5,Television
30,Cyclocomputer,1498,2/1/2014,,2,Online
13,Braze-on,8367,2/21/2014,,5,Online
58,Indicator,3295,2/6/2014,,3,Repeat
7,Belt-drive,5509,2/22/2014,,1,Discounted
56,Hub dynamo,1649,1/1/2014,,2,Discounted
88,Shifter,7420,2/21/2014,,5,Club
56,Hub dynamo,8070,2/15/2014,,3,Retailer
8,Bicycle brake cable,3443,,2/3/2014,4,Online
65,Lug,1525,1/9/2014,,5,Vendor
8,Bicycle brake cable,5151,1/24/2014,,5,Repeat
19,Chainring,957,1/11/2014,,2,Online
55,Hub,7331,1/29/2014,,5,New Customer
52,Head tube,1982,1/18/2014,,4,Repeat
56,Hub dynamo,8138,2/24/2014,,2,Online
57,Hub gear,4428,1/28/2014,,1,Television
40,Ferrule,1508,,1/31/2014,1,Club
24,Cogset,6302,2/23/2014,,2,Retailer
66,Luggage carrier,4112,2/1/2014,,4,Repeat
76,Removable training wheels,33,2/17/2014,,4,Online
14,Cable guide,3526,1/1/2014,,5,New Customer
31,Derailleur hanger,841,1/20/2014,,3,Vendor
75,Reflector,6244,2/28/2014,,1,New Customer
5,Bearing,6486,2/16/2014,,2,Retailer
29,Cup,8669,,2/15/2014,4,Vendor
1,1,5289,1/6/2014,,4,New Customer
64,Lockring,4404,2/5/2014,,3,Television
1,1,8088,2/7/2014,,3,Online
57,Hub gear,4634,2/23/2014,,3,Online
8,Bicycle brake cable,5870,1/29/2014,,2,Club
84,Seat bag,6595,2/10/2014,,3,Online
69,Pannier,1653,1/25/2014,,4,Retailer
98,Top tube,6335,,1/28/2014,5,Online
80,Saddle or Seat,7465,1/24/2014,,3,Club
70,Pedal,8443,2/25/2014,,1,Television
43,Frame,7131,2/1/2014,,3,Vendor
86,Seatstay,480,2/20/2014,,1,Retailer
95,Stem,4174,1/19/2014,,2,Club
23,Cluster,2526,2/17/2014,,4,Online
29,Cup,5547,1/28/2014,,4,Online
8,Bicycle brake cable,6883,,1/23/2014,3,Club
6,Bell,3612,3/1/2014,,5,Vendor
93,Spoke,8261,1/22/2014,,4,Retailer
35,Dustcap,675,1/17/2014,,4,Online
23,Cluster,7691,1/3/2014,,5,Online
33,Down tube,7564,1/5/2014,,1,Discounted
49,Handlebar plug,1704,2/26/2014,,4,Television
98,Top tube,1120,1/7/2014,,5,Vendor
70,Pedal,3609,,1/7/2014,4,Club
70,Pedal,501,1/8/2014,,4,Television
27,Coupler,9090,1/18/2014,,5,Vendor
83,Seat tube,602,2/17/2014,,1,Repeat
39,Fender or mudguard,9180,1/25/2014,,3,Discounted
81,Seat rails,1827,1/23/2014,,5,Repeat
65,Lug,5326,1/12/2014,,4,Online
62,Lawyer lips,2349,1/27/2014,,3,Club
25,Cone,7108,,1/1/2014,3,Television
67,Master link,9259,2/21/2014,,3,Online
75,Reflector,9307,2/7/2014,,5,Vendor
14,Cable guide,8803,2/1/2014,,5,Retailer
56,Hub dynamo,8069,2/26/2014,,1,Vendor
77,Rim,3082,2/6/2014,,5,Television
36,Dynamo,408,2/23/2014,,5,Online
5,Bearing,7196,2/26/2014,,5,New Customer
44,Freehub,9878,,2/1/2014,3,New Customer
20,Chainstay,8049,1/15/2014,,5,Retailer
15,Cable,340,1/7/2014,,3,Repeat
27,Coupler,40,2/5/2014,,1,Vendor
37,Eyelet,7353,1/7/2014,,5,Television
82,Seat lug,8142,1/25/2014,,1,Club
75,Reflector,2493,1/29/2014,,1,Television
44,Freehub,3070,1/20/2014,,4,Club
73,Quick release,8084,,2/25/2014,3,Discounted
13,Braze-on,1147,2/4/2014,,2,Online
55,Hub,1916,1/31/2014,,4,New Customer
35,Dustcap,5373,1/18/2014,,4,Club
13,Braze-on,691,2/1/2014,,4,Television
29,Cup,3553,1/26/2014,,4,Repeat
43,Frame,589,2/15/2014,,3,Repeat
95,Stem,5667,1/3/2014,,2,Discounted
24,Cogset,5284,,2/7/2014,3,Television
15,Cable,9390,2/11/2014,,2,Discounted
78,Rotor,6725,2/23/2014,,1,Repeat
33,Down tube,9811,2/3/2014,,4,New Customer
61,Kickstand,9939,1/2/2014,,4,Online
68,Nipple,9950,1/6/2014,,4,Repeat
13,Braze-on,6662,1/30/2014,,5,Online
31,Derailleur hanger,7268,2/5/2014,,1,Online
28,Crankset or chainset,1530,,2/17/2014,4,Discounted
43,Frame,3922,1/18/2014,,2,Television
83,Seat tube,7115,1/3/2014,,3,Club
49,Handlebar plug,5514,1/3/2014,,3,Retailer
67,Master link,3877,2/21/2014,,1,Television
17,Chain,5874,2/28/2014,,3,Vendor
65,Lug,1148,2/11/2014,,1,Repeat
89,Shock absorber,2783,2/25/2014,,2,New Customer
15,Cable,3502,,2/19/2014,2,New Customer
73,Quick release,9583,1/2/2014,,1,New Customer
15,Cable,109,1/15/2014,,3,Vendor
3,Bar ends,6492,2/22/2014,,1,Online
81,Seat rails,9396,2/14/2014,,2,Retailer
13,Braze-on,1119,2/22/2014,,5,Vendor
8,Bicycle brake cable,6241,1/12/2014,,2,Club
37,Eyelet,220,1/22/2014,,3,Repeat
27,Coupler,6585,,1/20/2014,1,Club
94,Steering tube,4983,1/21/2014,,1,Vendor
89,Shock absorber,5291,2/19/2014,,2,Repeat
63,Locknut,651,1/8/2014,,5,Television
39,Fender or mudguard,8863,1/12/2014,,4,Repeat
54,Hood,4966,1/24/2014,,4,Club
83,Seat tube,1160,2/20/2014,,3,Repeat
99,Valve stem or simply valve,3415,2/27/2014,,1,Repeat
66,Luggage carrier,1645,,1/8/2014,5,Discounted
97,Toe clips,8734,2/28/2014,,5,Repeat
77,Rim,3190,1/19/2014,,5,Television
85,Seatpost,4082,2/3/2014,,4,Online
2,Axle,2324,1/28/2014,,1,Club
54,Hood,9580,2/20/2014,,1,Retailer
91,Skirt guard or coatguard,7942,1/26/2014,,1,Repeat
61,Kickstand,6914,2/21/2014,,3,Discounted
62,Lawyer lips,9054,,1/18/2014,5,Retailer
79,1) the disc component of a disc brake.[1]2) another name for a detangler - a device that allows the handlebars and fork to revolve indefinitely without tangling the rear brake cable.Safety levers,1920,1/21/2014,,4,Repeat
23,Cluster,985,1/3/2014,,1,Television
71,Peg,2769,2/18/2014,,1,Club
10,Bottom bracket,633,2/27/2014,,2,Vendor
76,Removable training wheels,1846,1/22/2014,,5,New Customer
88,Shifter,5619,2/18/2014,,3,Club
2,Axle,9413,2/14/2014,,3,Club
84,Seat bag,8056,,2/14/2014,1,Retailer
17,Chain,2883,1/19/2014,,1,New Customer
75,Reflector,5180,2/14/2014,,4,Repeat
87,Shaft-drive,192,2/19/2014,,5,New Customer
22,Chaintug,4651,1/22/2014,,4,New Customer
36,Dynamo,9498,2/27/2014,,2,Discounted
54,Hood,4365,2/22/2014,,2,Online
84,Seat bag,6605,2/27/2014,,1,Repeat
71,Peg,4205,,1/16/2014,3,New Customer
34,Dropout,4885,1/8/2014,,4,Television
3,Bar ends,7844,1/18/2014,,5,Club
87,Shaft-drive,5720,1/17/2014,,5,Online
48,Handlebar,3449,2/18/2014,,5,Television
73,Quick release,292,2/24/2014,,2,Retailer
29,Cup,6083,1/26/2014,,1,Repeat
25,Cone,3026,2/19/2014,,4,Retailer
98,Top tube,7391,,2/13/2014,2,Retailer
12,Brake lever,191,1/24/2014,,4,Vendor
69,Pannier,8278,2/12/2014,,2,Online
97,Toe clips,369,1/11/2014,,2,New Customer
62,Lawyer lips,2785,1/3/2014,,3,Online
44,Freehub,1234,2/1/2014,,5,Repeat
36,Dynamo,5525,1/22/2014,,3,Club
62,Lawyer lips,7976,1/1/2014,,4,Club
97,Toe clips,5080,,1/15/2014,5,Discounted
55,Hub,8300,1/7/2014,,1,Club
69,Pannier,9408,2/6/2014,,5,Retailer
71,Peg,7005,1/18/2014,,3,Online
62,Lawyer lips,9349,1/21/2014,,5,Online
54,Hood,4514,2/8/2014,,3,Discounted
12,Brake lever,1343,1/19/2014,,3,Vendor
30,Cyclocomputer,2517,1/8/2014,,1,Retailer
92,Spindle,5455,,1/24/2014,5,Discounted
55,Hub,1760,1/7/2014,,3,Discounted
67,Master link,3713,2/1/2014,,4,Online
71,Peg,2427,2/25/2014,,5,Television
37,Eyelet,2362,1/30/2014,,3,Vendor
2,Axle,8022,1/16/2014,,4,Discounted
38,Fairing,3342,1/29/2014,,3,Vendor
42,Fork end,6231,2/12/2014,,1,Repeat
96,Tire,9781,,2/17/2014,3,Vendor
79,1) the disc component of a disc brake.[1]2) another name for a detangler - a device that allows the handlebars and fork to revolve indefinitely without tangling the rear brake cable.Safety levers,4412,2/4/2014,,3,Television
89,Shock absorber,8488,2/27/2014,,4,Online
90,Side view mirror,1771,2/26/2014,,1,Online
38,Fairing,4138,2/23/2014,,2,Discounted
25,Cone,7364,2/7/2014,,1,New Customer
6,Bell,343,2/11/2014,,4,Vendor
54,Hood,294,2/25/2014,,1,Retailer
35,Dustcap,7042,,1/4/2014,5,Repeat
14,Cable guide,5052,2/24/2014,,1,Retailer
55,Hub,473,2/10/2014,,3,Television
26,Cotter,4300,2/8/2014,,5,Retailer
6,Bell,109,2/9/2014,,5,Vendor
40,Ferrule,1706,2/7/2014,,4,Retailer
80,Saddle or Seat,6147,1/10/2014,,2,Retailer
58,Indicator,9336,1/5/2014,,1,Online
28,Crankset or chainset,5280,,2/9/2014,1,Repeat
48,Handlebar,4224,2/21/2014,,5,Vendor
16,Cassette,6017,1/10/2014,,5,Retailer
79,1) the disc component of a disc brake.[1]2) another name for a detangler - a device that allows the handlebars and fork to revolve indefinitely without tangling the rear brake cable.Safety levers,9211,1/27/2014,,5,Club
53,Headset,9914,1/20/2014,,1,Repeat
5,Bearing,5096,2/4/2014,,5,Discounted
8,Bicycle brake cable,3827,1/13/2014,,3,Club
4,Basket,1425,1/15/2014,,4,Discounted
47,Hanger,338,,2/15/2014,5,New Customer
76,Removable training wheels,2652,2/7/2014,,2,Vendor
42,Fork end,7977,2/19/2014,,1,Discounted
44,Freehub,734,2/14/2014,,1,New Customer
65,Lug,3350,1/13/2014,,4,Repeat
44,Freehub,694,2/25/2014,,5,Club
84,Seat bag,4545,1/20/2014,,4,Online
56,Hub dynamo,8290,2/12/2014,,2,Discounted
4,Basket,4856,,1/18/2014,5,Retailer
22,Chaintug,6195,2/21/2014,,4,Television
51,Head badge,4033,1/28/2014,,3,Retailer
58,Indicator,7577,2/7/2014,,1,Repeat
21,Chain tensioner,2782,1/4/2014,,1,Discounted
80,Saddle or Seat,4325,2/15/2014,,3,Retailer
29,Cup,9447,1/4/2014,,1,Retailer
99,Valve stem or simply valve,7433,2/22/2014,,3,Club
69,Pannier,7426,,2/24/2014,2,New Customer
87,Shaft-drive,7866,1/28/2014,,1,Club
37,Eyelet,3161,2/24/2014,,4,New Customer
48,Handlebar,6995,1/21/2014,,5,Online
51,Head badge,5807,2/18/2014,,2,Repeat
81,Seat rails,3169,2/10/2014,,5,Retailer
67,Master link,1891,2/1/2014,,2,Retailer
4,Basket,4302,1/29/2014,,2,Discounted
81,Seat rails,4740,,1/2/2014,1,Vendor
55,Hub,1455,1/27/2014,,2,Retailer
99,Valve stem or simply valve,4681,2/1/2014,,1,Discounted
76,Removable training wheels,3330,2/19/2014,,4,Online
88,Shifter,1632,1/4/2014,,3,Television
66,Luggage carrier,1921,2/20/2014,,5,Online
93,Spoke,2262,1/26/2014,,1,Television
80,Saddle or Seat,3487,2/9/2014,,3,Television
99,Valve stem or simply valve,4103,,2/9/2014,4,Online
90,Side view mirror,3891,2/19/2014,,3,Online
85,Seatpost,5640,1/13/2014,,3,Vendor
39,Fender or mudguard,9954,2/1/2014,,5,New Customer
43,Frame,4506,2/4/2014,,4,Repeat
30,Cyclocomputer,6983,1/22/2014,,1,Club
37,Eyelet,7484,1/9/2014,,2,Repeat
64,Lockring,1711,1/12/2014,,4,New Customer
84,Seat bag,5130,,2/3/2014,5,Club
46,Gusset,7545,1/14/2014,,3,Repeat
9,Bottle cage,4023,2/8/2014,,5,Repeat
75,Reflector,7485,1/16/2014,,3,Vendor
7,Belt-drive,104,1/21/2014,,2,Repeat
63,Locknut,6859,3/1/2014,,5,Club
70,Pedal,2151,2/16/2014,,3,Club
11,Brake,1442,1/31/2014,,1,New Customer
76,Removable training wheels,3993,,2/13/2014,5,Retailer
8,Bicycle brake cable,8017,1/4/2014,,4,New Customer
53,Headset,2055,3/1/2014,,4,Repeat
13,Braze-on,5600,1/26/2014,,1,Club
82,Seat lug,5140,1/21/2014,,5,Vendor
82,Seat lug,2206,1/2/2014,,4,Television
30,Cyclocomputer,182,1/31/2014,,4,Vendor
40,Ferrule,166,1/13/2014,,4,Repeat
78,Rotor,8879,,1/19/2014,5,Discounted
13,Braze-on,5170,1/26/2014,,1,Vendor
24,Cogset,6005,2/6/2014,,5,Repeat
11,Brake,6567,2/24/2014,,4,Online
22,Chaintug,4249,2/20/2014,,4,Discounted
60,Jockey wheel,2350,2/13/2014,,4,Retailer
90,Side view mirror,6541,1/8/2014,,3,Club
26,Cotter,7302,2/12/2014,,3,Retailer
93,Spoke,8036,,1/3/2014,2,Retailer
62,Lawyer lips,4230,1/12/2014,,4,Repeat
66,Luggage carrier,7719,2/12/2014,,1,New Customer
6,Bell,845,1/20/2014,,3,New Customer
34,Dropout,3592,1/1/2014,,2,Television
14,Cable guide,8937,1/3/2014,,1,Vendor
3,Bar ends,6737,2/13/2014,,5,Club
49,Handlebar plug,8684,1/3/2014,,1,Repeat
46,Gusset,865,,1/4/2014,2,New Customer
67,Master link,3148,2/10/2014,,2,Online
56,Hub dynamo,3822,2/9/2014,,5,Television
40,Ferrule,4828,2/22/2014,,1,New Customer
82,Seat lug,168,2/3/2014,,1,Television
47,Hanger,1264,2/26/2014,,3,Retailer
35,Dustcap,5920,1/8/2014,,2,Vendor
27,Coupler,6800,1/3/2014,,5,Retailer
3,Bar ends,6561,,2/27/2014,5,Vendor
65,Lug,3338,1/25/2014,,5,Television
54,Hood,4522,2/25/2014,,4,New Customer
17,Chain,7829,1/5/2014,,1,Repeat
4,Basket,7287,2/16/2014,,1,Vendor
8,Bicycle brake cable,1984,2/12/2014,,4,Online
48,Handlebar,6797,1/27/2014,,3,Vendor
51,Head badge,5243,1/2/2014,,3,New Customer
79,1) the disc component of a disc brake.[1]2) another name for a detangler - a device that allows the handlebars and fork to revolve indefinitely without tangling the rear brake cable.Safety levers,2777,,2/5/2014,4,Discounted
90,Side view mirror,1450,2/17/2014,,5,New Customer
13,Braze-on,271,1/11/2014,,5,New Customer
99,Valve stem or simply valve,5816,1/4/2014,,1,Television
14,Cable guide,757,1/31/2014,,2,Discounted
33,Down tube,2804,1/25/2014,,4,Repeat
77,Rim,1969,2/3/2014,,4,Television
70,Pedal,3859,2/2/2014,,1,Club
43,Frame,9774,,1/3/2014,1,Television
33,Down tube,1339,2/17/2014,,4,Television
37,Eyelet,2812,1/11/2014,,2,Online
35,Dustcap,4851,1/9/2014,,4,Club
8,Bicycle brake cable,7456,2/20/2014,,4,Retailer
11,Brake,789,1/22/2014,,4,New Customer
2,Axle,4877,1/23/2014,,1,Online
72,Portage strap,5764,2/28/2014,,1,Discounted
78,Rotor,1843,,2/27/2014,3,Retailer
25,Cone,3383,1/10/2014,,2,Vendor
1,1,5645,1/25/2014,,4,New Customer
19,Chainring,5885,1/24/2014,,2,Repeat
86,Seatstay,3353,2/10/2014,,2,Club
34,Dropout,5707,1/18/2014,,2,Discounted
63,Locknut,1546,2/7/2014,,1,Online
94,Steering tube,9762,2/7/2014,,2,Television
35,Dustcap,190,,1/2/2014,1,Television
46,Gusset,1301,1/16/2014,,1,Online
53,Headset,384,1/31/2014,,2,Club
59,Inner tube,2507,1/31/2014,,4,Repeat
9,Bottle cage,8443,2/21/2014,,5,Club
88,Shifter,3998,1/8/2014,,1,Vendor
46,Gusset,1019,2/16/2014,,3,Retailer
6,Bell,7553,2/8/2014,,4,Vendor
23,Cluster,3766,,2/2/2014,1,Retailer
99,Valve stem or simply valve,1852,1/11/2014,,4,New Customer
99,Valve stem or simply valve,4468,1/7/2014,,3,Online
64,Lockring,6194,2/4/2014,,2,Television
11,Brake,8967,2/8/2014,,3,Retailer
90,Side view mirror,2242,2/7/2014,,5,Television
65,Lug,8508,2/7/2014,,4,New Customer
89,Shock absorber,3667,2/28/2014,,1,Retailer
11,Brake,1378,,1/12/2014,1,Club
19,Chainring,203,1/8/2014,,1,Online
71,Peg,1762,2/1/2014,,3,New Customer
54,Hood,7547,1/27/2014,,1,Vendor
7,Belt-drive,493,1/13/2014,,3,Online
64,Lockring,4778,2/26/2014,,4,Retailer
15,Cable,2771,1/20/2014,,2,Club
39,Fender or mudguard,2597,1/4/2014,,2,Retailer
78,Rotor,5583,,2/23/2014,5,Television
3,Bar ends,7424,1/20/2014,,5,Retailer
12,Brake lever,7981,1/22/2014,,3,Repeat
32,Derailleur,5428,2/28/2014,,3,Club
64,Lockring,9224,2/27/2014,,5,Retailer
13,Braze-on,7665,2/2/2014,,2,New Customer
52,Head tube,5180,1/6/2014,,3,Television
23,Cluster,7030,2/27/2014,,3,New Customer
50,Handlebar tape,8442,,2/4/2014,3,New Customer
52,Head tube,2025,2/18/2014,,5,Discounted
36,Dynamo,9366,2/26/2014,,2,New Customer
68,Nipple,8577,1/20/2014,,1,Vendor
79,1) the disc component of a disc brake.[1]2) another name for a detangler - a device that allows the handlebars and fork to revolve indefinitely without tangling the rear brake cable.Safety levers,1388,2/27/2014,,4,Discounted
46,Gusset,1156,1/13/2014,,3,New Customer
60,Jockey wheel,1548,1/24/2014,,2,Television
8,Bicycle brake cable,1348,1/1/2014,,3,Vendor
28,Crankset or chainset,9209,,2/27/2014,1,Television
21,Chain tensioner,4675,1/1/2014,,2,Vendor
44,Freehub,8460,3/1/2014,,1,Retailer
10,Bottom bracket,5596,1/25/2014,,2,Club
76,Removable training wheels,6709,2/18/2014,,5,Online
52,Head tube,9512,2/18/2014,,1,Online
15,Cable,8714,2/10/2014,,3,Repeat
39,Fender or mudguard,6758,1/1/2014,,5,New Customer
49,Handlebar plug,2722,,1/1/2014,2,Television
88,Shifter,2622,2/9/2014,,2,Retailer
91,Skirt guard or coatguard,9557,3/1/2014,,1,Television
8,Bicycle brake cable,5926,2/15/2014,,2,Online
69,Pannier,6376,2/21/2014,,5,Discounted
97,Toe clips,7715,1/4/2014,,4,Club
84,Seat bag,7630,2/27/2014,,1,Repeat
18,Chainguard,2959,2/23/2014,,4,Club
19,Chainring,9809,,2/28/2014,1,New Customer
54,Hood,5819,2/19/2014,,3,Club
4,Basket,4553,2/14/2014,,1,Vendor
50,Handlebar tape,5562,2/10/2014,,3,Discounted
57,Hub gear,8587,2/17/2014,,3,Club
87,Shaft-drive,7884,1/29/2014,,5,Retailer
93,Spoke,5068,1/14/2014,,1,Club
57,Hub gear,8778,1/13/2014,,4,Club
5,Bearing,283,,2/19/2014,1,Television
16,Cassette,669,1/17/2014,,5,Vendor
30,Cyclocomputer,5545,2/12/2014,,5,Discounted
17,Chain,6485,2/11/2014,,4,Online
81,Seat rails,5580,2/17/2014,,4,Retailer
68,Nipple,4744,2/27/2014,,4,Repeat
96,Tire,8225,2/1/2014,,3,Retailer
91,Skirt guard or coatguard,8050,2/27/2014,,2,Vendor
33,Down tube,5327,,2/7/2014,5,Club
58,Indicator,3633,1/21/2014,,5,New Customer
50,Handlebar tape,6998,1/30/2014,,1,Online
70,Pedal,7272,2/6/2014,,3,Club
82,Seat lug,156,2/15/2014,,4,Online
80,Saddle or Seat,2148,1/16/2014,,3,Discounted
95,Stem,7721,1/29/2014,,2,Discounted
29,Cup,3529,1/29/2014,,2,New Customer
79,1) the disc component of a disc brake.[1]2) another name for a detangler - a device that allows the handlebars and fork to revolve indefinitely without tangling the rear brake cable.Safety levers,2170,,2/8/2014,2,Television
19,Chainring,5869,2/3/2014,,5,Club
78,Rotor,5172,1/7/2014,,2,Club
90,Side view mirror,9226,1/3/2014,,5,Television
66,Luggage carrier,4061,2/9/2014,,1,Club
12,Brake lever,6656,2/11/2014,,3,Repeat
27,Coupler,4440,1/19/2014,,5,Online
62,Lawyer lips,7422,1/9/2014,,3,Vendor
58,Indicator,9341,,2/24/2014,4,Discounted
40,Ferrule,4904,2/10/2014,,5,Club
89,Shock absorber,3918,1/31/2014,,3,Television
31,Derailleur hanger,7894,1/3/2014,,1,Club
46,Gusset,8852,1/8/2014,,5,Discounted
95,Stem,1099,1/10/2014,,3,Discounted
54,Hood,4061,1/20/2014,,4,Online
11,Brake,9060,2/11/2014,,4,Discounted
94,Steering tube,5619,,2/9/2014,5,Discounted
60,Jockey wheel,3090,1/16/2014,,1,Club
90,Side view mirror,8711,2/19/2014,,4,Online
53,Headset,6827,1/30/2014,,4,Repeat
43,Frame,305,1/27/2014,,1,Club
52,Head tube,3185,2/13/2014,,4,Repeat
78,Rotor,8927,2/12/2014,,5,Retailer
26,Cotter,7052,1/23/2014,,4,Discounted
55,Hub,511,,2/10/2014,1,Online
81,Seat rails,2870,2/2/2014,,3,New Customer
38,Fairing,8966,2/23/2014,,1,Television
24,Cogset,7415,2/4/2014,,4,Vendor
7,Belt-drive,4092,1/19/2014,,2,Discounted
66,Luggage carrier,9155,3/1/2014,,2,Online
13,Braze-on,1173,2/21/2014,,1,Repeat
16,Cassette,8011,2/3/2014,,1,Vendor
71,Peg,2281,,2/10/2014,3,Repeat
92,Spindle,9020,3/1/2014,,1,Club
27,Coupler,4310,2/6/2014,,2,Online
92,Spindle,5476,1/25/2014,,3,Vendor
2,Axle,4506,2/10/2014,,2,Retailer
56,Hub dynamo,586,1/6/2014,,3,Television
78,Rotor,791,1/18/2014,,1,Vendor
68,Nipple,3960,2/4/2014,,2,Retailer
81,Seat rails,5889,,1/7/2014,1,Vendor
67,Master link,6177,1/30/2014,,4,New Customer
55,Hub,2490,3/1/2014,,4,Vendor
77,Rim,229,1/5/2014,,2,Online
6,Bell,358,1/18/2014,,4,Vendor
62,Lawyer lips,9206,2/10/2014,,4,Discounted
44,Freehub,7832,1/19/2014,,3,Vendor
42,Fork end,6241,3/1/2014,,2,Club
59,Inner tube,6824,,1/30/2014,5,Repeat
21,Chain tensioner,7047,2/7/2014,,5,Retailer
65,Lug,9779,2/8/2014,,4,Vendor
98,Top tube,1753,1/13/2014,,5,Television
94,Steering tube,5106,2/13/2014,,2,Discounted
37,Eyelet,3493,1/12/2014,,5,Vendor
70,Pedal,51,2/6/2014,,2,Vendor
89,Shock absorber,9588,2/23/2014,,1,Retailer
95,Stem,8636,,2/2/2014,5,New Customer
21,Chain tensioner,3101,1/23/2014,,2,Television
19,Chainring,9982,1/16/2014,,5,Online
1,1,2295,1/16/2014,,3,New Customer
84,Seat bag,745,2/25/2014,,3,Vendor
81,Seat rails,5188,2/14/2014,,1,New Customer
40,Ferrule,6027,2/13/2014,,5,Television
88,Shifter,8700,1/5/2014,,3,New Customer
42,Fork end,7634,,1/24/2014,2,Television
24,Cogset,6616,1/26/2014,,4,Vendor
95,Stem,6529,2/2/2014,,5,Retailer
20,Chainstay,5393,1/28/2014,,2,Discounted
66,Luggage carrier,7926,2/6/2014,,4,Retailer
53,Headset,6086,3/1/2014,,1,Television
83,Seat tube,1425,1/22/2014,,3,Discounted
31,Derailleur hanger,2698,2/25/2014,,2,Repeat
16,Cassette,1349,,1/12/2014,3,Discounted
19,Chainring,6135,1/5/2014,,1,New Customer
72,Portage strap,414,2/9/2014,,5,Club
92,Spindle,9932,1/6/2014,,4,Television
70,Pedal,3900,2/5/2014,,3,Retailer
93,Spoke,374,2/7/2014,,3,Online
79,1) the disc component of a disc brake.[1]2) another name for a detangler - a device that allows the handlebars and fork to revolve indefinitely without tangling the rear brake cable.Safety levers,3801,2/17/2014,,2,Vendor
74,Rack,9959,1/21/2014,,5,Retailer
71,Peg,5383,,2/14/2014,1,Retailer
54,Hood,4493,3/1/2014,,2,Retailer
7,Belt-drive,676,2/24/2014,,3,Television
41,Fork,8770,2/10/2014,,3,New Customer
29,Cup,1477,2/12/2014,,3,Discounted
59,Inner tube,5937,2/12/2014,,5,Online
61,Kickstand,666,1/3/2014,,3,New Customer
39,Fender or mudguard,9358,2/27/2014,,3,Discounted
26,Cotter,9043,,2/4/2014,4,Retailer
25,Cone,2987,2/12/2014,,2,Club
83,Seat tube,8332,2/2/2014,,5,Vendor
59,Inner tube,8541,2/16/2014,,1,Repeat
25,Cone,3307,2/12/2014,,4,Club
2,Axle,6365,2/24/2014,,5,Club
55,Hub,5340,2/15/2014,,3,Television
55,Hub,1512,1/15/2014,,2,Online
35,Dustcap,2895,,1/5/2014,2,Television
99,Valve stem or simply valve,1490,1/25/2014,,2,Vendor
76,Removable training wheels,2020,1/4/2014,,4,Retailer
46,Gusset,9646,1/10/2014,,3,Online
2,Axle,8148,1/22/2014,,4,New Customer
34,Dropout,4438,2/15/2014,,1,Retailer
3,Bar ends,7136,1/24/2014,,4,Discounted
89,Shock absorber,3180,2/23/2014,,4,Vendor
83,Seat tube,3856,,1/7/2014,4,Vendor
50,Handlebar tape,7423,2/23/2014,,1,Club
51,Head badge,7023,1/17/2014,,4,Repeat
74,Rack,9523,1/7/2014,,3,New Customer
62,Lawyer lips,6355,2/4/2014,,4,Television
77,Rim,7794,2/15/2014,,3,Vendor
74,Rack,5411,1/13/2014,,5,Retailer
91,Skirt guard or coatguard,3895,2/8/2014,,5,Online
65,Lug,3513,,1/27/2014,1,Vendor
39,Fender or mudguard,7216,1/28/2014,,2,Discounted
5,Bearing,7288,1/27/2014,,2,Club
3,Bar ends,3182,2/2/2014,,2,Television
50,Handlebar tape,5975,1/31/2014,,5,Repeat
72,Portage strap,8580,1/22/2014,,4,Retailer
41,Fork,2249,1/6/2014,,2,Retailer
87,Shaft-drive,768,1/8/2014,,4,Online
12,Brake lever,296,,1/7/2014,4,Repeat
77,Rim,7621,1/10/2014,,1,Television
29,Cup,4921,2/19/2014,,2,Repeat
90,Side view mirror,3543,1/1/2014,,3,Vendor
23,Cluster,8393,1/12/2014,,5,Club
71,Peg,6592,1/6/2014,,3,New Customer
79,1) the disc component of a disc brake.[1]2) another name for a detangler - a device that allows the handlebars and fork to revolve indefinitely without tangling the rear brake cable.Safety levers,6405,1/3/2014,,1,New Customer
45,Freewheel,4606,1/26/2014,,5,Repeat
72,Portage strap,6351,,2/17/2014,3,Retailer
23,Cluster,7169,2/9/2014,,3,Discounted
34,Dropout,9702,1/12/2014,,4,Repeat
81,Seat rails,8052,2/18/2014,,4,Repeat
44,Freehub,3883,2/24/2014,,2,Repeat
19,Chainring,4926,2/27/2014,,5,Discounted
26,Cotter,1160,1/15/2014,,4,Club
62,Lawyer lips,8468,2/16/2014,,3,Discounted
35,Dustcap,2922,,2/17/2014,2,Repeat
10,Bottom bracket,235,2/20/2014,,3,New Customer
77,Rim,6266,2/9/2014,,1,New Customer
56,Hub dynamo,6492,2/10/2014,,1,Repeat
28,Crankset or chainset,9597,2/25/2014,,3,Discounted
72,Portage strap,3693,2/13/2014,,3,Discounted
21,Chain tensioner,566,1/24/2014,,4,Discounted
82,Seat lug,3137,1/21/2014,,3,Retailer
43,Frame,7097,,2/5/2014,5,Retailer
4,Basket,8061,1/30/2014,,2,Vendor
46,Gusset,9348,2/19/2014,,5,Vendor
79,1) the disc component of a disc brake.[1]2) another name for a detangler - a device that allows the handlebars and fork to revolve indefinitely without tangling the rear brake cable.Safety levers,3748,3/1/2014,,4,Retailer
37,Eyelet,9937,1/28/2014,,2,Online
12,Brake lever,5217,1/16/2014,,4,Online
93,Spoke,6901,1/10/2014,,1,Online
3,Bar ends,4556,1/14/2014,,5,Discounted
29,Cup,220,,2/15/2014,1,Retailer
8,Bicycle brake cable,7817,1/10/2014,,5,Vendor
81,Seat rails,7704,2/24/2014,,1,Repeat
67,Master link,2203,2/12/2014,,3,Television
57,Hub gear,9274,2/4/2014,,3,New Customer
55,Hub,2592,1/26/2014,,5,Online
35,Dustcap,6782,2/16/2014,,3,Repeat
5,Bearing,4914,1/25/2014,,4,Discounted
7,Belt-drive,5397,,1/10/2014,3,Retailer
83,Seat tube,2371,1/15/2014,,4,Repeat
10,Bottom bracket,9949,2/23/2014,,3,Club
60,Jockey wheel,8643,1/19/2014,,4,Club
41,Fork,9059,2/26/2014,,1,Discounted
29,Cup,7771,1/12/2014,,3,Television
46,Gusset,4639,1/5/2014,,1,New Customer
40,Ferrule,122,2/27/2014,,5,New Customer
67,Master link,205,,1/14/2014,4,Online
55,Hub,9607,2/12/2014,,4,Retailer
77,Rim,2509,1/30/2014,,2,Repeat
68,Nipple,926,2/2/2014,,4,Television
96,Tire,3191,2/15/2014,,1,Television
32,Derailleur,6151,1/28/2014,,3,Discounted
39,Fender or mudguard,6996,2/26/2014,,3,Television
2,Axle,4853,1/14/2014,,2,Vendor
35,Dustcap,3811,,2/10/2014,1,Retailer
40,Ferrule,470,1/4/2014,,1,New Customer
95,Stem,4382,1/14/2014,,1,New Customer
23,Cluster,5476,1/19/2014,,4,Repeat
55,Hub,9504,3/1/2014,,5,New Customer
61,Kickstand,236,1/3/2014,,3,Repeat
9,Bottle cage,7796,2/9/2014,,1,Repeat
3,Bar ends,6180,1/4/2014,,2,Club
4,Basket,1974,,1/12/2014,1,Online
87,Shaft-drive,90,2/5/2014,,2,Club
60,Jockey wheel,5401,2/21/2014,,2,Online
25,Cone,6565,2/13/2014,,3,Discounted
53,Headset,7508,2/23/2014,,5,Retailer
74,Rack,8314,1/10/2014,,2,Club
60,Jockey wheel,1807,2/19/2014,,3,New Customer
73,Quick release,4593,1/25/2014,,2,Club
78,Rotor,3048,,2/12/2014,1,New Customer
45,Freewheel,3990,1/28/2014,,3,Repeat
47,Hanger,3269,1/27/2014,,2,New Customer
5,Bearing,2566,1/10/2014,,3,Vendor
73,Quick release,7243,2/22/2014,,3,Vendor
61,Kickstand,8052,2/16/2014,,3,New Customer
59,Inner tube,5715,1/24/2014,,4,Club
45,Freewheel,6020,2/4/2014,,2,Television
56,Hub dynamo,1328,,1/17/2014,4,Vendor
3,Bar ends,1718,1/27/2014,,5,Club
27,Coupler,2825,1/18/2014,,5,Vendor
15,Cable,4202,2/13/2014,,2,Online
79,1) the disc component of a disc brake.[1]2) another name for a detangler - a device that allows the handlebars and fork to revolve indefinitely without tangling the rear brake cable.Safety levers,7608,1/29/2014,,1,Online
88,Shifter,3665,2/12/2014,,5,Online
35,Dustcap,7951,2/11/2014,,1,Retailer
71,Peg,362,1/22/2014,,4,Television
60,Jockey wheel,7975,,1/21/2014,3,Discounted
34,Dropout,9845,2/13/2014,,4,Vendor
62,Lawyer lips,3762,3/1/2014,,5,Club
81,Seat rails,4026,2/20/2014,,3,Vendor
93,Spoke,4619,2/17/2014,,5,Club
40,Ferrule,6696,1/6/2014,,4,Repeat
78,Rotor,8787,1/5/2014,,3,New Customer
44,Freehub,1422,1/26/2014,,1,Television
61,Kickstand,5010,,2/8/2014,1,Television
81,Seat rails,9014,2/16/2014,,2,Online
50,Handlebar tape,9619,1/8/2014,,4,Discounted
72,Portage strap,4957,1/7/2014,,1,Online
16,Cassette,7301,2/5/2014,,4,Vendor
7,Belt-drive,9206,1/9/2014,,2,New Customer
63,Locknut,5100,2/10/2014,,2,Online
48,Handlebar,6370,2/27/2014,,1,Vendor
44,Freehub,7700,,1/21/2014,2,Vendor
45,Freewheel,959,1/16/2014,,5,Retailer
56,Hub dynamo,2354,1/14/2014,,4,Vendor
75,Reflector,4268,1/16/2014,,2,Online
93,Spoke,1365,2/12/2014,,2,Television
39,Fender or mudguard,7681,2/18/2014,,5,New Customer
18,Chainguard,8202,1/16/2014,,1,Club
52,Head tube,8131,2/4/2014,,4,Television
85,Seatpost,9134,,1/7/2014,1,Discounted
3,Bar ends,5191,2/5/2014,,1,Retailer
12,Brake lever,5568,1/18/2014,,3,Vendor
94,Steering tube,7350,3/1/2014,,4,Vendor
59,Inner tube,2478,2/27/2014,,4,Discounted
67,Master link,9471,1/26/2014,,1,Discounted
97,Toe clips,7853,1/23/2014,,4,Television
74,Rack,2223,1/20/2014,,1,Retailer
32,Derailleur,5523,,2/14/2014,3,New Customer
90,Side view mirror,4584,2/9/2014,,3,Retailer
82,Seat lug,8469,1/10/2014,,1,New Customer
57,Hub gear,5507,1/28/2014,,1,Television
69,Pannier,4021,2/18/2014,,3,Vendor
87,Shaft-drive,6647,1/11/2014,,1,Retailer
25,Cone,5039,2/9/2014,,1,Online
96,Tire,2316,1/5/2014,,3,Repeat
60,Jockey wheel,7429,,1/9/2014,1,Club
50,Handlebar tape,1757,1/27/2014,,3,Retailer
41,Fork,8591,1/12/2014,,2,Vendor
35,Dustcap,8419,2/3/2014,,2,Vendor
68,Nipple,3698,1/2/2014,,1,Repeat
19,Chainring,3558,1/6/2014,,4,Vendor
51,Head badge,8465,2/15/2014,,2,New Customer
82,Seat lug,3330,2/4/2014,,5,Online
10,Bottom bracket,5943,,2/2/2014,4,New Customer
72,Portage strap,3363,1/5/2014,,2,Vendor
26,Cotter,7414,1/4/2014,,5,Club
13,Braze-on,10,1/2/2014,,1,Discounted
82,Seat lug,7143,2/28/2014,,1,Club
79,1) the disc component of a disc brake.[1]2) another name for a detangler - a device that allows the handlebars and fork to revolve indefinitely without tangling the rear brake cable.Safety levers,99,2/17/2014,,2,Television
52,Head tube,1781,1/29/2014,,2,Online
79,1) the disc component of a disc brake.[1]2) another name for a detangler - a device that allows the handlebars and fork to revolve indefinitely without tangling the rear brake cable.Safety levers,9509,2/21/2014,,3,Discounted
99,Valve stem or simply valve,3436,,1/4/2014,4,Discounted
73,Quick release,3302,1/12/2014,,4,Online
65,Lug,5908,2/2/2014,,1,Vendor
95,Stem,4094,1/8/2014,,1,Online
77,Rim,3449,2/6/2014,,2,Vendor
89,Shock absorber,3950,2/26/2014,,4,Retailer
72,Portage strap,5601,2/27/2014,,5,Online
8,Bicycle brake cable,2872,2/13/2014,,1,Repeat
83,Seat tube,1845,,2/15/2014,2,New Customer
29,Cup,8667,2/18/2014,,5,Club
68,Nipple,7410,1/7/2014,,2,New Customer
92,Spindle,8789,1/30/2014,,3,Discounted
83,Seat tube,7049,2/16/2014,,3,Discounted
69,Pannier,8996,1/30/2014,,4,New Customer
13,Braze-on,8788,1/5/2014,,3,Retailer
47,Hanger,50,1/30/2014,,3,Television
36,Dynamo,7954,,2/4/2014,5,Discounted
74,Rack,7927,1/23/2014,,4,Discounted
21,Chain tensioner,2003,1/26/2014,,2,Repeat
61,Kickstand,470,1/31/2014,,5,Club
50,Handlebar tape,8108,2/23/2014,,4,Discounted
19,Chainring,8921,2/2/2014,,5,Club
96,Tire,2570,2/26/2014,,4,Online
65,Lug,5918,2/1/2014,,4,Club
41,Fork,8699,,2/6/2014,3,New Customer
42,Fork end,2732,2/21/2014,,5,Online
65,Lug,1473,2/18/2014,,4,Online
48,Handlebar,5213,1/19/2014,,3,New Customer
26,Cotter,5427,2/1/2014,,5,Vendor
28,Crankset or chainset,4465,1/12/2014,,2,Repeat
59,Inner tube,4371,1/21/2014,,1,Vendor
27,Coupler,2085,2/22/2014,,3,Club
70,Pedal,5377,,2/2/2014,5,New Customer
3,Bar ends,7157,2/19/2014,,2,Television
73,Quick release,8007,2/27/2014,,1,Club
48,Handlebar,3144,2/10/2014,,1,Retailer
14,Cable guide,7563,1/22/2014,,3,Repeat
36,Dynamo,9497,2/18/2014,,4,Repeat
35,Dustcap,4683,1/18/2014,,3,Retailer
18,Chainguard,459,1/26/2014,,4,Retailer
96,Tire,5845,,2/25/2014,4,Club
30,Cyclocomputer,2659,2/24/2014,,5,Television
44,Freehub,6694,1/20/2014,,4,Discounted
89,Shock absorber,5608,3/1/2014,,3,Retailer
46,Gusset,6221,1/9/2014,,2,New Customer
62,Lawyer lips,5519,2/15/2014,,1,Vendor
27,Coupler,2785,2/24/2014,,4,New Customer
82,Seat lug,9340,2/12/2014,,2,Club
77,Rim,2132,,2/17/2014,5,Television
90,Side view mirror,8877,2/21/2014,,2,Vendor
86,Seatstay,8221,2/7/2014,,5,Online
88,Shifter,4732,2/12/2014,,2,Vendor
43,Frame,2122,1/25/2014,,2,Discounted
18,Chainguard,2172,2/12/2014,,5,Retailer
59,Inner tube,4559,1/29/2014,,1,Repeat
97,Toe clips,6671,2/1/2014,,4,Online
76,Removable training wheels,6851,,1/27/2014,2,Vendor
54,Hood,1591,1/30/2014,,3,Club
84,Seat bag,5634,1/28/2014,,5,Online
80,Saddle or Seat,6755,1/28/2014,,3,New Customer
19,Chainring,6702,1/31/2014,,1,Club
18,Chainguard,942,1/12/2014,,5,Television
70,Pedal,8674,2/20/2014,,5,Discounted
91,Skirt guard or coatguard,9026,1/27/2014,,4,New Customer
68,Nipple,4873,,2/3/2014,2,Retailer
39,Fender or mudguard,10,1/21/2014,,4,Retailer
28,Crankset or chainset,7110,1/20/2014,,2,Repeat
41,Fork,7303,2/25/2014,,3,Club
47,Hanger,183,2/10/2014,,1,Club
82,Seat lug,6836,1/6/2014,,4,Television
40,Ferrule,3968,1/2/2014,,3,Television
32,Derailleur,8050,1/15/2014,,4,Online
8,Bicycle brake cable,6056,,2/24/2014,1,Television
95,Stem,9126,2/16/2014,,5,Repeat
15,Cable,5981,2/9/2014,,1,Television
78,Rotor,3915,2/27/2014,,2,Retailer
84,Seat bag,2929,2/17/2014,,4,Retailer
77,Rim,8160,1/14/2014,,3,Repeat
5,Bearing,1146,1/29/2014,,3,Vendor
74,Rack,5986,2/19/2014,,4,Online
77,Rim,5416,,2/7/2014,3,Retailer
59,Inner tube,5182,2/4/2014,,5,Online
67,Master link,7527,2/21/2014,,1,Discounted
53,Headset,8002,2/5/2014,,1,New Customer
14,Cable guide,2422,2/9/2014,,5,Repeat
21,Chain tensioner,3542,1/30/2014,,2,Discounted
6,Bell,281,1/28/2014,,4,Vendor
46,Gusset,4070,1/5/2014,,4,Club
42,Fork end,3402,,1/20/2014,5,Club
24,Cogset,3744,2/26/2014,,5,Online
70,Pedal,9154,1/27/2014,,4,Club
29,Cup,926,2/1/2014,,1,Repeat
64,Lockring,3908,2/8/2014,,2,New Customer
39,Fender or mudguard,8654,3/1/2014,,1,Club
8,Bicycle brake cable,44,1/13/2014,,4,Discounted
65,Lug,5360,1/6/2014,,3,Television
76,Removable training wheels,2454,,2/14/2014,5,Vendor
66,Luggage carrier,5095,2/15/2014,,3,Online
21,Chain tensioner,1701,2/13/2014,,2,New Customer
29,Cup,6372,1/9/2014,,4,Discounted
62,Lawyer lips,4758,1/16/2014,,2,New Customer
10,Bottom bracket,3051,1/30/2014,,2,New Customer
67,Master link,7219,2/11/2014,,1,Discounted
51,Head badge,6930,1/11/2014,,4,Retailer
44,Freehub,9420,,2/3/2014,4,Online
83,Seat tube,9515,1/25/2014,,3,Online
80,Saddle or Seat,2746,1/30/2014,,4,Club
6,Bell,7143,2/15/2014,,1,Television
84,Seat bag,9016,1/3/2014,,2,Repeat
32,Derailleur,528,2/8/2014,,3,Repeat
48,Handlebar,1617,2/27/2014,,4,Repeat
89,Shock absorber,7658,1/11/2014,,3,Club
46,Gusset,7166,,1/31/2014,3,Retailer
42,Fork end,9320,1/15/2014,,2,Repeat
42,Fork end,9970,1/29/2014,,1,Television
5,Bearing,3051,1/7/2014,,1,Repeat
68,Nipple,2878,2/9/2014,,4,Vendor
53,Headset,6792,1/3/2014,,2,Repeat
90,Side view mirror,1153,1/18/2014,,2,Club
79,1) the disc component of a disc brake.[1]2) another name for a detangler - a device that allows the handlebars and fork to revolve indefinitely without tangling the rear brake cable.Safety levers,4217,1/22/2014,,5,Vendor
50,Handlebar tape,297,,1/2/2014,5,Television
77,Rim,3148,1/29/2014,,4,Discounted
51,Head badge,3909,2/5/2014,,5,Club
38,Fairing,6891,1/20/2014,,1,Vendor
78,Rotor,5440,1/13/2014,,2,Vendor
39,Fender or mudguard,2349,2/4/2014,,1,Discounted
52,Head tube,832,2/24/2014,,1,Vendor
50,Handlebar tape,3053,1/6/2014,,4,Club
4,Basket,6710,,3/1/2014,5,New Customer
29,Cup,986,1/22/2014,,1,Discounted
29,Cup,7537,1/29/2014,,3,New Customer
31,Derailleur hanger,1074,1/23/2014,,1,Repeat
23,Cluster,6597,2/11/2014,,3,Club
88,Shifter,4304,2/8/2014,,3,New Customer
25,Cone,1397,2/22/2014,,4,Retailer
14,Cable guide,7577,2/19/2014,,1,Club
47,Hanger,8748,,2/2/2014,1,Club
36,Dynamo,9747,1/29/2014,,3,Club
90,Side view mirror,7517,1/20/2014,,3,Club
4,Basket,7883,2/25/2014,,4,Online
32,Derailleur,6833,1/2/2014,,2,New Customer
96,Tire,2062,1/4/2014,,3,Vendor
11,Brake,5747,1/17/2014,,5,Retailer
85,Seatpost,485,1/8/2014,,1,Television
34,Dropout,9617,,2/17/2014,2,Vendor
99,Valve stem or simply valve,8253,1/30/2014,,1,Repeat
6,Bell,4449,3/1/2014,,3,Retailer
13,Braze-on,5122,1/12/2014,,4,Television
29,Cup,5607,2/12/2014,,2,Vendor
84,Seat bag,8787,2/24/2014,,5,Vendor
32,Derailleur,231,1/3/2014,,2,Online
60,Jockey wheel,360,2/13/2014,,2,Repeat
30,Cyclocomputer,2694,,2/14/2014,3,Vendor
76,Removable training wheels,2169,1/2/2014,,2,New Customer
65,Lug,8928,1/16/2014,,5,Online
61,Kickstand,1680,1/13/2014,,3,Repeat
19,Chainring,2194,1/26/2014,,5,Discounted
30,Cyclocomputer,5139,2/12/2014,,1,Retailer
16,Cassette,4376,1/22/2014,,3,Discounted
12,Brake lever,6899,1/14/2014,,3,Vendor
72,Portage strap,9123,,2/14/2014,5,New Customer
7,Belt-drive,9236,2/26/2014,,2,Discounted
75,Reflector,7654,1/5/2014,,2,New Customer
45,Freewheel,484,1/19/2014,,5,Retailer
45,Freewheel,9791,1/18/2014,,4,Discounted
60,Jockey wheel,580,1/10/2014,,5,Vendor
39,Fender or mudguard,5109,2/3/2014,,4,Online
50,Handlebar tape,715,1/29/2014,,2,Discounted
94,Steering tube,3128,,1/13/2014,4,Club
83,Seat tube,8813,2/13/2014,,5,Online
36,Dynamo,2116,2/17/2014,,4,Retailer
53,Headset,7258,1/29/2014,,4,Repeat
61,Kickstand,7014,2/26/2014,,1,Discounted
15,Cable,2816,2/15/2014,,4,Television
14,Cable guide,8607,1/10/2014,,3,Discounted
66,Luggage carrier,7015,2/8/2014,,2,Discounted
79,1) the disc component of a disc brake.[1]2) another name for a detangler - a device that allows the handlebars and fork to revolve indefinitely without tangling the rear brake cable.Safety levers,247,,2/21/2014,5,Vendor
73,Quick release,2209,1/3/2014,,5,Retailer
89,Shock absorber,6422,1/2/2014,,5,Vendor
83,Seat tube,3324,1/16/2014,,3,New Customer
90,Side view mirror,724,1/13/2014,,4,Repeat
83,Seat tube,3530,1/11/2014,,5,Discounted
1,1,2916,2/21/2014,,5,Television
47,Hanger,8008,1/21/2014,,3,Repeat
22,Chaintug,56,,1/31/2014,5,Club
90,Side view mirror,1692,1/30/2014,,4,Vendor
70,Pedal,8453,1/23/2014,,1,Online
80,Saddle or Seat,5244,1/18/2014,,1,Vendor
93,Spoke,7879,1/28/2014,,1,Online
89,Shock absorber,4807,1/12/2014,,1,New Customer
40,Ferrule,4467,1/4/2014,,1,Vendor
30,Cyclocomputer,3152,1/29/2014,,3,Vendor
1,1,3599,,1/18/2014,3,Club
75,Reflector,2120,1/1/2014,,4,Television
34,Dropout,4442,1/14/2014,,1,Repeat
44,Freehub,857,1/9/2014,,3,Club
68,Nipple,648,2/15/2014,,2,Television
88,Shifter,3926,2/1/2014,,2,Vendor
94,Steering tube,8599,1/13/2014,,2,Repeat
28,Crankset or chainset,151,1/2/2014,,3,Retailer
78,Rotor,5743,,2/10/2014,2,Vendor
66,Luggage carrier,9804,2/13/2014,,2,Online
18,Chainguard,5745,2/22/2014,,4,New Customer
17,Chain,6548,2/15/2014,,2,Club
58,Indicator,4244,1/10/2014,,2,Vendor
40,Ferrule,2208,2/24/2014,,4,Retailer
79,1) the disc component of a disc brake.[1]2) another name for a detangler - a device that allows the handlebars and fork to revolve indefinitely without tangling the rear brake cable.Safety levers,9587,2/26/2014,,3,Retailer
95,Stem,8951,1/4/2014,,2,Repeat
55,Hub,4167,,1/3/2014,2,Repeat
9,Bottle cage,8127,2/18/2014,,5,Repeat
75,Reflector,1860,2/20/2014,,2,Repeat
86,Seatstay,2260,1/18/2014,,3,Repeat
85,Seatpost,3724,1/16/2014,,3,Discounted
66,Luggage carrier,2679,1/8/2014,,4,Online
50,Handlebar tape,6169,1/22/2014,,3,Discounted
45,Freewheel,4373,1/15/2014,,1,Retailer
8,Bicycle brake cable,9474,,2/2/2014,4,New Customer
3,Bar ends,7549,1/18/2014,,1,Television
37,Eyelet,8997,1/27/2014,,4,Repeat
40,Ferrule,2990,2/6/2014,,2,Online
65,Lug,121,3/1/2014,,5,Repeat
8,Bicycle brake cable,3236,1/23/2014,,5,Online
47,Hanger,1050,1/5/2014,,2,New Customer
68,Nipple,3155,1/12/2014,,5,Discounted
41,Fork,4558,,1/17/2014,2,New Customer
99,Valve stem or simply valve,1317,2/13/2014,,5,Retailer
2,Axle,7052,2/21/2014,,3,Vendor
62,Lawyer lips,7808,2/12/2014,,3,New Customer
25,Cone,7419,1/20/2014,,3,Discounted
97,Toe clips,4725,1/16/2014,,2,Online
16,Cassette,6449,1/21/2014,,4,New Customer
9,Bottle cage,2307,1/26/2014,,3,New Customer
19,Chainring,3667,,1/7/2014,5,Discounted
55,Hub,5845,1/17/2014,,1,Online
46,Gusset,130,2/3/2014,,3,New Customer
75,Reflector,9204,1/27/2014,,2,Repeat
62,Lawyer lips,8390,1/15/2014,,3,Club
63,Locknut,3793,1/17/2014,,1,Club
80,Saddle or Seat,4750,2/8/2014,,5,Retailer
55,Hub,7089,2/23/2014,,3,Television
8,Bicycle brake cable,2526,,2/9/2014,1,Repeat
66,Luggage carrier,1110,2/17/2014,,1,Online
30,Cyclocomputer,7063,1/7/2014,,2,Retailer
56,Hub dynamo,5829,1/4/2014,,1,Repeat
32,Derailleur,9525,1/20/2014,,1,Television
68,Nipple,9940,1/13/2014,,3,Retailer
2,Axle,7942,1/23/2014,,5,Repeat
18,Chainguard,8892,2/22/2014,,5,Repeat
7,Belt-drive,3285,,1/16/2014,2,Online
28,Crankset or chainset,7864,1/1/2014,,5,Vendor
93,Spoke,6254,1/23/2014,,1,Repeat
28,Crankset or chainset,3501,2/12/2014,,3,Retailer
96,Tire,1645,1/26/2014,,1,Retailer
96,Tire,2651,1/30/2014,,4,Online
17,Chain,6868,3/1/2014,,2,Television
6,Bell,5040,1/6/2014,,2,Retailer
97,Toe clips,9384,,2/15/2014,1,Club
28,Crankset or chainset,5652,2/19/2014,,3,New Customer
87,Shaft-drive,5404,2/24/2014,,1,Club
5,Bearing,2339,1/26/2014,,3,Discounted
23,Cluster,6656,1/15/2014,,3,New Customer
47,Hanger,2766,1/19/2014,,2,Retailer
86,Seatstay,2248,1/9/2014,,4,Online
39,Fender or mudguard,6462,1/4/2014,,1,Club
24,Cogset,6788,,2/18/2014,4,Repeat
5,Bearing,1182,1/13/2014,,4,Online
19,Chainring,2380,2/10/2014,,2,Vendor
26,Cotter,4546,1/5/2014,,2,Retailer
67,Master link,5213,1/7/2014,,4,Retailer
86,Seatstay,4156,1/27/2014,,2,Vendor
79,1) the disc component of a disc brake.[1]2) another name for a detangler - a device that allows the handlebars and fork to revolve indefinitely without tangling the rear brake cable.Safety levers,1148,1/8/2014,,3,Retailer
50,Handlebar tape,7422,1/7/2014,,4,Television
40,Ferrule,7737,,2/19/2014,3,New Customer
86,Seatstay,5500,1/4/2014,,1,Discounted
75,Reflector,1608,1/7/2014,,4,New Customer
74,Rack,1479,1/22/2014,,1,New Customer
95,Stem,7493,1/7/2014,,3,Discounted
11,Brake,9215,1/9/2014,,3,Online
81,Seat rails,2781,1/18/2014,,4,Online
55,Hub,9604,3/1/2014,,2,Repeat
42,Fork end,9848,,1/28/2014,4,Vendor
59,Inner tube,1798,2/28/2014,,5,Online
31,Derailleur hanger,2685,2/21/2014,,4,Retailer
32,Derailleur,4244,1/19/2014,,5,Repeat
60,Jockey wheel,5228,2/24/2014,,1,Repeat
32,Derailleur,7417,1/22/2014,,1,Television
47,Hanger,3875,1/3/2014,,2,New Customer
92,Spindle,110,1/26/2014,,5,Vendor
13,Braze-on,998,,1/12/2014,2,Retailer
4,Basket,8948,1/8/2014,,5,New Customer
72,Portage strap,233,1/7/2014,,4,Repeat
88,Shifter,9396,2/25/2014,,4,Television
16,Cassette,1944,1/22/2014,,3,Retailer
33,Down tube,5921,1/19/2014,,5,Club
47,Hanger,4476,2/13/2014,,4,Vendor
67,Master link,522,2/2/2014,,5,Online
83,Seat tube,9020,,2/24/2014,1,Television
80,Saddle or Seat,505,1/22/2014,,4,Online
49,Handlebar plug,6100,2/24/2014,,5,Repeat
3,Bar ends,4240,1/26/2014,,4,Television
39,Fender or mudguard,5151,2/22/2014,,5,Vendor
90,Side view mirror,9367,2/15/2014,,1,Repeat
72,Portage strap,439,2/1/2014,,4,Club
56,Hub dynamo,5522,2/14/2014,,5,New Customer
18,Chainguard,2618,,1/2/2014,4,New Customer
75,Reflector,4365,1/25/2014,,3,New Customer
10,Bottom bracket,6776,2/6/2014,,4,Vendor
79,1) the disc component of a disc brake.[1]2) another name for a detangler - a device that allows the handlebars and fork to revolve indefinitely without tangling the rear brake cable.Safety levers,6030,1/8/2014,,1,Discounted
54,Hood,9788,2/14/2014,,2,Retailer
64,Lockring,9604,2/13/2014,,3,Discounted
6,Bell,2029,1/12/2014,,2,Online
51,Head badge,6429,1/2/2014,,1,Repeat
70,Pedal,7717,,1/11/2014,4,Vendor
32,Derailleur,141,1/17/2014,,2,Television
54,Hood,9408,1/5/2014,,2,Television
62,Lawyer lips,2395,1/28/2014,,2,Online
65,Lug,7558,1/6/2014,,4,Repeat
66,Luggage carrier,5362,1/3/2014,,5,Retailer
73,Quick release,2008,2/16/2014,,4,Vendor
31,Derailleur hanger,4035,1/21/2014,,5,Television
29,Cup,1697,,1/25/2014,5,New Customer
73,Quick release,6396,2/20/2014,,1,Club
75,Reflector,4315,3/1/2014,,4,Television
92,Spindle,6229,1/12/2014,,1,Television
79,1) the disc component of a disc brake.[1]2) another name for a detangler - a device that allows the handlebars and fork to revolve indefinitely without tangling the rear brake cable.Safety levers,7291,2/20/2014,,1,Online
40,Ferrule,6241,1/27/2014,,5,Online
72,Portage strap,5702,1/5/2014,,2,Online
32,Derailleur,1407,1/17/2014,,1,Discounted
97,Toe clips,3798,,2/28/2014,4,New Customer
9,Bottle cage,2712,2/15/2014,,2,Club
4,Basket,7220,2/8/2014,,3,Retailer
57,Hub gear,9768,2/2/2014,,3,Discounted
96,Tire,735,1/3/2014,,2,Club
27,Coupler,3040,1/31/2014,,2,New Customer
37,Eyelet,2665,1/1/2014,,4,Retailer
28,Crankset or chainset,570,1/25/2014,,1,Repeat
18,Chainguard,3488,,2/21/2014,2,Club
12,Brake lever,4044,1/23/2014,,4,Television
44,Freehub,8335,1/16/2014,,1,Vendor
91,Skirt guard or coatguard,7839,2/17/2014,,4,Club
92,Spindle,4874,1/23/2014,,2,Vendor
48,Handlebar,5535,1/15/2014,,2,Repeat
30,Cyclocomputer,199,2/3/2014,,5,Discounted
82,Seat lug,3917,2/11/2014,,1,Vendor
37,Eyelet,9791,,2/1/2014,4,Club
56,Hub dynamo,9499,2/6/2014,,5,Repeat
3,Bar ends,5337,1/5/2014,,1,Club
55,Hub,5231,1/30/2014,,1,Repeat
53,Headset,6745,2/15/2014,,4,Retailer
36,Dynamo,9795,1/11/2014,,4,Retailer
1,1,8662,1/2/2014,,3,Online
23,Cluster,7898,1/4/2014,,1,Retailer
22,Chaintug,8796,,2/4/2014,3,Repeat
64,Lockring,8314,1/29/2014,,3,Repeat
35,Dustcap,6690,2/5/2014,,5,Discounted
47,Hanger,2432,2/17/2014,,5,Online
56,Hub dynamo,2885,1/6/2014,,1,Television
16,Cassette,2530,2/23/2014,,5,Television
90,Side view mirror,3175,1/15/2014,,2,Vendor
99,Valve stem or simply valve,529,2/26/2014,,3,Television
19,Chainring,1286,,2/19/2014,1,Discounted
76,Removable training wheels,6865,1/7/2014,,5,Television
90,Side view mirror,8573,2/17/2014,,4,Club
22,Chaintug,901,2/20/2014,,2,Vendor
84,Seat bag,594,1/24/2014,,3,New Customer
73,Quick release,2949,2/4/2014,,3,Repeat
73,Quick release,5546,2/15/2014,,3,Television
78,Rotor,7892,1/6/2014,,1,Vendor
54,Hood,8373,,1/15/2014,2,New Customer
21,Chain tensioner,1245,2/28/2014,,3,Club
94,Steering tube,8187,1/27/2014,,4,Repeat
76,Removable training wheels,5783,1/12/2014,,4,Discounted
14,Cable guide,115,2/3/2014,,4,Repeat
74,Rack,7792,1/4/2014,,1,New Customer
62,Lawyer lips,9503,2/6/2014,,4,Online
69,Pannier,703,1/11/2014,,5,New Customer
20,Chainstay,7905,,1/24/2014,2,New Customer
27,Coupler,7811,2/22/2014,,4,Vendor
80,Saddle or Seat,981,2/13/2014,,3,Discounted
54,Hood,196,1/3/2014,,5,Vendor
82,Seat lug,7397,2/8/2014,,2,Club
40,Ferrule,9950,1/7/2014,,3,Repeat
15,Cable,7117,2/2/2014,,4,Club
85,Seatpost,6189,1/17/2014,,5,Discounted
87,Shaft-drive,4089,,2/3/2014,1,Retailer
46,Gusset,7401,1/7/2014,,1,Repeat
51,Head badge,4143,2/22/2014,,4,Club
11,Brake,8862,2/14/2014,,4,Television
79,1) the disc component of a disc brake.[1]2) another name for a detangler - a device that allows the handlebars and fork to revolve indefinitely without tangling the rear brake cable.Safety levers,3382,2/3/2014,,3,Discounted
34,Dropout,8792,1/26/2014,,5,Repeat
12,Brake lever,8454,2/6/2014,,5,Vendor
22,Chaintug,4573,1/22/2014,,1,Vendor
16,Cassette,7481,,2/18/2014,3,Online
6,Bell,5590,2/28/2014,,5,Discounted
64,Lockring,4376,1/12/2014,,3,Television
73,Quick release,9602,2/20/2014,,1,Retailer
76,Removable training wheels,4777,2/23/2014,,2,Repeat
30,Cyclocomputer,6491,1/30/2014,,4,Discounted
60,Jockey wheel,1454,1/15/2014,,4,Television
78,Rotor,1360,2/12/2014,,1,Repeat
96,Tire,9822,,2/2/2014,5,Online
75,Reflector,1722,1/17/2014,,1,Television
3,Bar ends,9907,2/2/2014,,2,Online
31,Derailleur hanger,2158,1/16/2014,,4,Discounted
23,Cluster,2512,2/19/2014,,2,Television
40,Ferrule,5923,1/22/2014,,4,Club
49,Handlebar plug,417,1/12/2014,,1,Television
1,1,1027,1/6/2014,,2,Television
13,Braze-on,190,,1/24/2014,5,Repeat
59,Inner tube,7668,1/9/2014,,2,Television
34,Dropout,9018,2/10/2014,,4,Discounted
36,Dynamo,2320,2/3/2014,,4,Vendor
63,Locknut,3592,2/11/2014,,2,Retailer
26,Cotter,7699,1/26/2014,,4,Club
60,Jockey wheel,5851,1/29/2014,,3,Television
29,Cup,995,1/19/2014,,2,Television
70,Pedal,3918,,2/3/2014,5,Online
71,Peg,8302,2/8/2014,,2,Online
44,Freehub,4498,1/6/2014,,1,Vendor
97,Toe clips,7189,1/16/2014,,1,New Customer
46,Gusset,9745,2/4/2014,,5,Club
41,Fork,4977,1/17/2014,,5,New Customer
34,Dropout,103,2/19/2014,,1,Vendor
25,Cone,2716,1/11/2014,,4,Vendor
10,Bottom bracket,5617,,2/11/2014,1,Vendor
80,Saddle or Seat,4648,2/27/2014,,3,New Customer
9,Bottle cage,4610,2/16/2014,,2,Online
84,Seat bag,934,1/16/2014,,4,Vendor
2,Axle,2605,1/22/2014,,2,Retailer
17,Chain,8577,2/18/2014,,3,Discounted
68,Nipple,8755,1/17/2014,,4,New Customer
79,1) the disc component of a disc brake.[1]2) another name for a detangler - a device that allows the handlebars and fork to revolve indefinitely without tangling the rear brake cable.Safety levers,8507,1/10/2014,,2,New Customer
75,Reflector,6689,,1/10/2014,2,Discounted
46,Gusset,1702,2/18/2014,,2,New Customer
74,Rack,725,2/22/2014,,2,New Customer
71,Peg,9052,2/23/2014,,2,Vendor
94,Steering tube,6308,1/19/2014,,5,Online
62,Lawyer lips,5095,2/25/2014,,2,Repeat
88,Shifter,1526,2/6/2014,,5,Club
53,Headset,4442,2/6/2014,,3,Discounted
66,Luggage carrier,999,,1/15/2014,4,New Customer
54,Hood,1571,2/13/2014,,1,Retailer
69,Pannier,4750,1/1/2014,,1,Retailer
4,Basket,2435,2/27/2014,,3,Repeat
4,Basket,5153,1/14/2014,,3,Club
75,Reflector,5330,2/17/2014,,4,Online
30,Cyclocomputer,8942,1/5/2014,,2,Online
36,Dynamo,6181,1/18/2014,,4,Vendor
25,Cone,6239,,1/19/2014,3,Club
57,Hub gear,6760,2/1/2014,,3,Repeat
78,Rotor,3016,2/7/2014,,2,Vendor
77,Rim,267,2/25/2014,,4,Retailer
58,Indicator,8704,2/13/2014,,3,Retailer
49,Handlebar plug,9837,2/12/2014,,4,Television
21,Chain tensioner,3145,1/26/2014,,3,Online
31,Derailleur hanger,9540,1/22/2014,,5,New Customer
75,Reflector,1591,,1/3/2014,4,New Customer
35,Dustcap,8418,1/24/2014,,5,New Customer
55,Hub,5388,2/10/2014,,3,Retailer
48,Handlebar,1844,1/14/2014,,4,Repeat
69,Pannier,762,1/14/2014,,2,Online
83,Seat tube,5251,1/10/2014,,5,Television
25,Cone,8056,1/4/2014,,4,New Customer
65,Lug,2964,2/13/2014,,5,Club
99,Valve stem or simply valve,7902,,1/23/2014,3,New Customer
28,Crankset or chainset,9517,1/23/2014,,4,New Customer
61,Kickstand,8423,2/18/2014,,5,Television
67,Master link,8728,1/25/2014,,4,Retailer
33,Down tube,2480,1/19/2014,,2,Television
41,Fork,4344,2/3/2014,,4,New Customer
82,Seat lug,8184,2/5/2014,,3,New Customer
75,Reflector,4890,2/1/2014,,4,Discounted
59,Inner tube,9161,,1/18/2014,5,Vendor
62,Lawyer lips,1454,2/22/2014,,4,Discounted
86,Seatstay,5396,1/14/2014,,3,Television
31,Derailleur hanger,6288,1/2/2014,,2,New Customer
28,Crankset or chainset,2443,2/15/2014,,5,Online
12,Brake lever,387,2/23/2014,,2,Retailer
37,Eyelet,6277,1/31/2014,,2,Television
4,Basket,7106,1/6/2014,,4,Repeat
59,Inner tube,7632,,2/24/2014,4,Vendor
30,Cyclocomputer,393,1/16/2014,,1,Vendor
60,Jockey wheel,3446,1/17/2014,,4,Repeat
31,Derailleur hanger,9585,2/26/2014,,1,Retailer
46,Gusset,723,2/14/2014,,1,Repeat
35,Dustcap,6281,1/8/2014,,3,Discounted
48,Handlebar,9141,2/1/2014,,3,New Customer
41,Fork,6888,1/2/2014,,1,Vendor
51,Head badge,3916,,1/15/2014,2,Repeat
31,Derailleur hanger,6422,2/20/2014,,2,Discounted
95,Stem,3571,1/16/2014,,1,Discounted
1,1,9841,2/8/2014,,5,Club
8,Bicycle brake cable,4200,1/30/2014,,2,Repeat
83,Seat tube,1894,1/21/2014,,1,Repeat
41,Fork,9728,1/9/2014,,4,Discounted
98,Top tube,2387,1/19/2014,,1,Repeat
97,Toe clips,4266,,1/19/2014,4,Retailer
1,1,9429,2/10/2014,,2,Repeat
87,Shaft-drive,3311,2/13/2014,,1,Retailer
46,Gusset,9866,1/6/2014,,2,Club
45,Freewheel,1914,1/4/2014,,5,Retailer
47,Hanger,7759,1/9/2014,,2,Retailer
5,Bearing,2610,2/22/2014,,4,Discounted
49,Handlebar plug,3684,2/12/2014,,4,Discounted
66,Luggage carrier,5455,,1/14/2014,3,Club
50,Handlebar tape,4598,2/19/2014,,4,New Customer
58,Indicator,3285,1/18/2014,,5,Repeat
49,Handlebar plug,8274,2/1/2014,,4,Online
65,Lug,2982,2/23/2014,,3,New Customer
1,1,8340,1/21/2014,,5,New Customer
62,Lawyer lips,8037,2/10/2014,,3,Club
35,Dustcap,5736,2/11/2014,,4,Repeat
13,Braze-on,5264,,1/5/2014,4,Club
86,Seatstay,3573,1/3/2014,,1,New Customer
6,Bell,8675,1/9/2014,,3,Vendor
30,Cyclocomputer,7798,2/16/2014,,5,New Customer
98,Top tube,3861,1/23/2014,,2,Vendor
11,Brake,1930,2/27/2014,,1,Television
92,Spindle,9001,1/22/2014,,2,Club
87,Shaft-drive,1922,2/9/2014,,2,Repeat
61,Kickstand,4219,,2/6/2014,4,Vendor
26,Cotter,3082,1/12/2014,,4,Repeat
22,Chaintug,1487,1/31/2014,,1,Retailer
63,Locknut,9392,2/9/2014,,5,Club
53,Headset,9766,1/13/2014,,5,Retailer
76,Removable training wheels,9167,1/20/2014,,4,Repeat
86,Seatstay,8590,1/29/2014,,4,Online
30,Cyclocomputer,3455,1/5/2014,,4,New Customer
29,Cup,1681,,1/13/2014,5,New Customer
88,Shifter,9053,2/20/2014,,1,Television
90,Side view mirror,8548,2/7/2014,,2,Discounted
21,Chain tensioner,8360,1/23/2014,,1,Discounted
20,Chainstay,8928,1/30/2014,,4,Repeat
84,Seat bag,773,2/15/2014,,1,New Customer
60,Jockey wheel,1638,1/22/2014,,3,Online
28,Crankset or chainset,4515,1/31/2014,,2,Vendor
17,Chain,5993,,2/15/2014,2,Repeat
50,Handlebar tape,3141,2/3/2014,,4,Retailer
71,Peg,5671,1/30/2014,,3,Television
64,Lockring,3666,1/13/2014,,5,New Customer
17,Chain,5942,1/24/2014,,5,Discounted
21,Chain tensioner,8515,1/17/2014,,4,Vendor
37,Eyelet,9902,2/4/2014,,3,Discounted
7,Belt-drive,2489,2/20/2014,,3,Club
57,Hub gear,1054,,2/27/2014,1,New Customer
88,Shifter,7404,1/3/2014,,1,Club
62,Lawyer lips,1928,2/14/2014,,2,New Customer
28,Crankset or chainset,1759,1/6/2014,,5,Television
72,Portage strap,1011,3/1/2014,,2,Repeat
35,Dustcap,922,2/20/2014,,2,Club
19,Chainring,3364,1/16/2014,,2,Online
